Date,China,Singapore,Japan,Republic of Korea,Philippines,Australia,Malaysia,New Zealand,Vietnam,Brunei Darussalam,Cambodia,Mongolia,Lao People's Democratic Republic,Fiji,Papua New Guinea,Guam,French Polynesia,New Caledonia,Northern Mariana Islands,Spain,Italy,The United Kingdom,Russian Federation,Germany,France,Turkey,Belgium,Netherlands,Switzerland,Portugal,Sweden,Ireland,Belarus,Israel,Austria,Poland,Romania,Ukraine,Denmark,Serbia,Czechia,Norway,Finland,Kazakhstan,Republic of Moldova,Luxembourg,Hungary,Armenia,Greece,Uzbekistan,Azerbaijan,Croatia,Bosnia and Herzegovina,Iceland,Bulgaria,Estonia,North Macedonia,Slovenia,Slovakia,Lithuania,Latvia,Kyrgyzstan,Cyprus,Albania,Andorra,Georgia,San Marino,Malta,Tajikistan,Montenegro,Monaco,Liechtenstein,Holy See,Kosovo,Isle of Man,Jersey,Guernsey,Faroe Islands,Gibraltar,Greenland,India,Indonesia,Bangladesh,Thailand,Sri Lanka,Maldives,Myanmar,Nepal,Timor-Leste,Bhutan,Iran,Saudi Arabia,Pakistan,Qatar,United Arab Emirates,Egypt,Kuwait,Morocco,Bahrain,Afghanistan,Oman,Iraq,Djibouti,Tunisia,Somalia,Sudan,Lebanon,Jordan,Libya,Syrian Arab Republic,Yemen,occupied Palestinian territory,United States of America,Brazil,Canada,Peru,Ecuador,Mexico,Chile,Dominican Republic,Colombia,Panama,Argentina,Bolivia,Cuba,Honduras,Guatemala,Costa Rica,Uruguay,El Salvador,Jamaica,Paraguay,Venezuela,Trinidad and Tobago,Haiti,Guyana,Bahamas,Barbados,Antigua and Barbuda,Grenada,Saint Lucia,Belize,Saint Vincent and the Grenadines,Dominica,Nicaragua,Saint Kitts and Nevis,Suriname,Puerto Rico,Martinique,Guadeloupe,French Guiana,Bermuda,Aruba,Cayman Islands,Sint Maarten,United States Virgin Islands,Saint Martin,Curaçao,Falkland Islands (Malvinas),Turks and Caicos Islands,Montserrat,British Virgin Islands,Saint Barthélemy,"Bonaire, Sint Eustatius and Saba",Anguilla,Saint Pierre and Miquelon,South Africa,Algeria,Nigeria,Ghana,Cameroon,Guinea,Côte d’Ivoire,Senegal,Democratic Republic of the Congo,Niger,Burkina Faso,Mali,Kenya,Guinea-Bissau,United Republic of Tanzania,Equatorial Guinea,Gabon,Mauritius,Rwanda,Congo,Sierra Leone,Madagascar,Cabo Verde,Liberia,São Tomé and Príncipe,Chad,Ethiopia,Zambia,Togo,Eswatini,Benin,Uganda,Central African Republic,Mozambique,South Sudan,Malawi,Eritrea,Angola,Zimbabwe,Botswana,Burundi,Gambia,Namibia,Seychelles,Mauritania,Comoros
1/21/2020,278,0,1,1,0,0,0,0,0,0,0,0,0,0,0,0,0,0,0,0,0,0,0,0,0,0,0,0,0,0,0,0,0,0,0,0,0,0,0,0,0,0,0,0,0,0,0,0,0,0,0,0,0,0,0,0,0,0,0,0,0,0,0,0,0,0,0,0,0,0,0,0,0,0,0,0,0,0,0,0,0,0,0,2,0,0,0,0,0,0,0,0,0,0,0,0,0,0,0,0,0,0,0,0,0,0,0,0,0,0,0,0,0,0,0,0,0,0,0,0,0,0,0,0,0,0,0,0,0,0,0,0,0,0,0,0,0,0,0,0,0,0,0,0,0,0,0,0,0,0,0,0,0,0,0,0,0,0,0,0,0,0,0,0,0,0,0,0,0,0,0,0,0,0,0,0,0,0,0,0,0,0,0,0,0,0,0,0,0,0,0,0,0,0,0,0,0,0,0,0,0,0,0,0,0,0,0,0,0,0,0,0
1/22/2020,309,0,1,1,0,0,0,0,0,0,0,0,0,0,0,0,0,0,0,0,0,0,0,0,0,0,0,0,0,0,0,0,0,0,0,0,0,0,0,0,0,0,0,0,0,0,0,0,0,0,0,0,0,0,0,0,0,0,0,0,0,0,0,0,0,0,0,0,0,0,0,0,0,0,0,0,0,0,0,0,0,0,0,2,0,0,0,0,0,0,0,0,0,0,0,0,0,0,0,0,0,0,0,0,0,0,0,0,0,0,0,0,0,0,0,0,0,0,0,0,0,0,0,0,0,0,0,0,0,0,0,0,0,0,0,0,0,0,0,0,0,0,0,0,0,0,0,0,0,0,0,0,0,0,0,0,0,0,0,0,0,0,0,0,0,0,0,0,0,0,0,0,0,0,0,0,0,0,0,0,0,0,0,0,0,0,0,0,0,0,0,0,0,0,0,0,0,0,0,0,0,0,0,0,0,0,0,0,0,0,0,0
1/23/2020,571,0,1,1,0,0,0,0,0,0,0,0,0,0,0,0,0,0,0,0,0,0,0,0,0,0,0,0,0,0,0,0,0,0,0,0,0,0,0,0,0,0,0,0,0,0,0,0,0,0,0,0,0,0,0,0,0,0,0,0,0,0,0,0,0,0,0,0,0,0,0,0,0,0,0,0,0,0,0,0,0,0,0,2,0,0,0,0,0,0,0,0,0,0,0,0,0,0,0,0,0,0,0,0,0,0,0,0,0,0,0,0,1,0,0,0,0,0,0,0,0,0,0,0,0,0,0,0,0,0,0,0,0,0,0,0,0,0,0,0,0,0,0,0,0,0,0,0,0,0,0,0,0,0,0,0,0,0,0,0,0,0,0,0,0,0,0,0,0,0,0,0,0,0,0,0,0,0,0,0,0,0,0,0,0,0,0,0,0,0,0,0,0,0,0,0,0,0,0,0,0,0,0,0,0,0,0,0,0,0,0,0
1/24/2020,830,1,1,2,0,0,0,0,2,0,0,0,0,0,0,0,0,0,0,0,0,0,0,0,0,0,0,0,0,0,0,0,0,0,0,0,0,0,0,0,0,0,0,0,0,0,0,0,0,0,0,0,0,0,0,0,0,0,0,0,0,0,0,0,0,0,0,0,0,0,0,0,0,0,0,0,0,0,0,0,0,0,0,4,0,0,0,0,0,0,0,0,0,0,0,0,0,0,0,0,0,0,0,0,0,0,0,0,0,0,0,0,1,0,0,0,0,0,0,0,0,0,0,0,0,0,0,0,0,0,0,0,0,0,0,0,0,0,0,0,0,0,0,0,0,0,0,0,0,0,0,0,0,0,0,0,0,0,0,0,0,0,0,0,0,0,0,0,0,0,0,0,0,0,0,0,0,0,0,0,0,0,0,0,0,0,0,0,0,0,0,0,0,0,0,0,0,0,0,0,0,0,0,0,0,0,0,0,0,0,0,0
1/25/2020,1297,3,3,2,0,3,0,0,2,0,0,0,0,0,0,0,0,0,0,0,0,0,0,0,3,0,0,0,0,0,0,0,0,0,0,0,0,0,0,0,0,0,0,0,0,0,0,0,0,0,0,0,0,0,0,0,0,0,0,0,0,0,0,0,0,0,0,0,0,0,0,0,0,0,0,0,0,0,0,0,0,0,0,4,0,0,0,1,0,0,0,0,0,0,0,0,0,0,0,0,0,0,0,0,0,0,0,0,0,0,0,0,2,0,0,0,0,0,0,0,0,0,0,0,0,0,0,0,0,0,0,0,0,0,0,0,0,0,0,0,0,0,0,0,0,0,0,0,0,0,0,0,0,0,0,0,0,0,0,0,0,0,0,0,0,0,0,0,0,0,0,0,0,0,0,0,0,0,0,0,0,0,0,0,0,0,0,0,0,0,0,0,0,0,0,0,0,0,0,0,0,0,0,0,0,0,0,0,0,0,0,0
1/26/2020,1985,3,3,2,0,3,3,0,2,0,0,0,0,0,0,0,0,0,0,0,0,0,0,0,3,0,0,0,0,0,0,0,0,0,0,0,0,0,0,0,0,0,0,0,0,0,0,0,0,0,0,0,0,0,0,0,0,0,0,0,0,0,0,0,0,0,0,0,0,0,0,0,0,0,0,0,0,0,0,0,0,0,0,5,0,0,0,1,0,0,0,0,0,0,0,0,0,0,0,0,0,0,0,0,0,0,0,0,0,0,0,0,2,0,0,0,0,0,0,0,0,0,0,0,0,0,0,0,0,0,0,0,0,0,0,0,0,0,0,0,0,0,0,0,0,0,0,0,0,0,0,0,0,0,0,0,0,0,0,0,0,0,0,0,0,0,0,0,0,0,0,0,0,0,0,0,0,0,0,0,0,0,0,0,0,0,0,0,0,0,0,0,0,0,0,0,0,0,0,0,0,0,0,0,0,0,0,0,0,0,0,0
1/27/2020,2741,4,4,4,0,4,4,0,2,0,0,0,0,0,0,0,0,0,0,0,0,0,0,0,3,0,0,0,0,0,0,0,0,0,0,0,0,0,0,0,0,0,0,0,0,0,0,0,0,0,0,0,0,0,0,0,0,0,0,0,0,0,0,0,0,0,0,0,0,0,0,0,0,0,0,0,0,0,0,0,0,0,0,5,0,0,0,1,0,0,0,0,0,0,0,0,0,0,0,0,0,0,0,0,0,0,0,0,0,0,0,0,5,0,1,0,0,0,0,0,0,0,0,0,0,0,0,0,0,0,0,0,0,0,0,0,0,0,0,0,0,0,0,0,0,0,0,0,0,0,0,0,0,0,0,0,0,0,0,0,0,0,0,0,0,0,0,0,0,0,0,0,0,0,0,0,0,0,0,0,0,0,0,0,0,0,0,0,0,0,0,0,0,0,0,0,0,0,0,0,0,0,0,0,0,0,0,0,0,0,0,0
1/28/2020,4537,7,6,4,0,5,4,0,2,0,1,0,0,0,0,0,0,0,0,0,0,0,0,1,3,0,0,0,0,0,0,0,0,0,0,0,0,0,0,0,0,0,0,0,0,0,0,0,0,0,0,0,0,0,0,0,0,0,0,0,0,0,0,0,0,0,0,0,0,0,0,0,0,0,0,0,0,0,0,0,0,0,0,14,1,0,0,1,0,0,0,0,0,0,0,0,0,0,0,0,0,0,0,0,0,0,0,0,0,0,0,0,5,0,2,0,0,0,0,0,0,0,0,0,0,0,0,0,0,0,0,0,0,0,0,0,0,0,0,0,0,0,0,0,0,0,0,0,0,0,0,0,0,0,0,0,0,0,0,0,0,0,0,0,0,0,0,0,0,0,0,0,0,0,0,0,0,0,0,0,0,0,0,0,0,0,0,0,0,0,0,0,0,0,0,0,0,0,0,0,0,0,0,0,0,0,0,0,0,0,0,0
1/29/2020,5997,7,7,4,0,7,4,0,2,0,1,0,0,0,0,0,0,0,0,0,0,0,0,4,4,0,0,0,0,0,0,0,0,0,0,0,0,0,0,0,0,0,0,0,0,0,0,0,0,0,0,0,0,0,0,0,0,0,0,0,0,0,0,0,0,0,0,0,0,0,0,0,0,0,0,0,0,0,0,0,0,0,0,14,1,0,0,1,0,0,0,0,0,0,4,0,0,0,0,0,0,0,0,0,0,0,0,0,0,0,0,0,5,0,3,0,0,0,0,0,0,0,0,0,0,0,0,0,0,0,0,0,0,0,0,0,0,0,0,0,0,0,0,0,0,0,0,0,0,0,0,0,0,0,0,0,0,0,0,0,0,0,0,0,0,0,0,0,0,0,0,0,0,0,0,0,0,0,0,0,0,0,0,0,0,0,0,0,0,0,0,0,0,0,0,0,0,0,0,0,0,0,0,0,0,0,0,0,0,0,0,0
1/30/2020,7736,10,11,4,1,7,7,0,2,0,1,0,0,0,0,0,0,0,0,0,0,0,0,4,5,0,0,0,0,0,0,0,0,0,0,0,0,0,0,0,0,0,1,0,0,0,0,0,0,0,0,0,0,0,0,0,0,0,0,0,0,0,0,0,0,0,0,0,0,0,0,0,0,0,0,0,0,0,0,0,1,0,0,14,1,0,0,1,0,0,0,0,0,0,4,0,0,0,0,0,0,0,0,0,0,0,0,0,0,0,0,0,5,0,3,0,0,0,0,0,0,0,0,0,0,0,0,0,0,0,0,0,0,0,0,0,0,0,0,0,0,0,0,0,0,0,0,0,0,0,0,0,0,0,0,0,0,0,0,0,0,0,0,0,0,0,0,0,0,0,0,0,0,0,0,0,0,0,0,0,0,0,0,0,0,0,0,0,0,0,0,0,0,0,0,0,0,0,0,0,0,0,0,0,0,0,0,0,0,0,0,0
1/31/2020,9720,13,14,11,1,9,8,0,5,0,1,0,0,0,0,0,0,0,0,0,2,0,0,5,6,0,0,0,0,0,0,0,0,0,0,0,0,0,0,0,0,0,1,0,0,0,0,0,0,0,0,0,0,0,0,0,0,0,0,0,0,0,0,0,0,0,0,0,0,0,0,0,0,0,0,0,0,0,0,0,1,0,0,14,1,0,0,1,0,0,0,0,0,0,4,0,0,0,0,0,0,0,0,0,0,0,0,0,0,0,0,0,6,0,3,0,0,0,0,0,0,0,0,0,0,0,0,0,0,0,0,0,0,0,0,0,0,0,0,0,0,0,0,0,0,0,0,0,0,0,0,0,0,0,0,0,0,0,0,0,0,0,0,0,0,0,0,0,0,0,0,0,0,0,0,0,0,0,0,0,0,0,0,0,0,0,0,0,0,0,0,0,0,0,0,0,0,0,0,0,0,0,0,0,0,0,0,0,0,0,0,0
02/01/2020,11821,16,17,12,1,12,8,0,6,0,1,0,0,0,0,0,0,0,0,1,2,2,2,7,6,0,0,0,0,0,1,0,0,0,0,0,0,0,0,0,0,0,1,0,0,0,0,0,0,0,0,0,0,0,0,0,0,0,0,0,0,0,0,0,0,0,0,0,0,0,0,0,0,0,0,0,0,0,0,0,1,0,0,19,1,0,0,1,0,0,0,0,0,0,4,0,0,0,0,0,0,0,0,0,0,0,0,0,0,0,0,0,7,0,4,0,0,0,0,0,0,0,0,0,0,0,0,0,0,0,0,0,0,0,0,0,0,0,0,0,0,0,0,0,0,0,0,0,0,0,0,0,0,0,0,0,0,0,0,0,0,0,0,0,0,0,0,0,0,0,0,0,0,0,0,0,0,0,0,0,0,0,0,0,0,0,0,0,0,0,0,0,0,0,0,0,0,0,0,0,0,0,0,0,0,0,0,0,0,0,0,0
02/02/2020,14411,18,20,15,2,12,8,0,7,0,1,0,0,0,0,0,0,0,0,1,2,2,2,8,6,0,0,0,0,0,1,0,0,0,0,0,0,0,0,0,0,0,1,0,0,0,0,0,0,0,0,0,0,0,0,0,0,0,0,0,0,0,0,0,0,0,0,0,0,0,0,0,0,0,0,0,0,0,0,0,2,0,0,19,1,0,0,1,0,0,0,0,0,0,5,0,0,0,0,0,0,0,0,0,0,0,0,0,0,0,0,0,8,0,4,0,0,0,0,0,0,0,0,0,0,0,0,0,0,0,0,0,0,0,0,0,0,0,0,0,0,0,0,0,0,0,0,0,0,0,0,0,0,0,0,0,0,0,0,0,0,0,0,0,0,0,0,0,0,0,0,0,0,0,0,0,0,0,0,0,0,0,0,0,0,0,0,0,0,0,0,0,0,0,0,0,0,0,0,0,0,0,0,0,0,0,0,0,0,0,0,0
02/03/2020,17238,18,20,15,2,12,8,0,8,0,1,0,0,0,0,0,0,0,0,1,2,2,2,10,6,0,0,0,0,0,1,0,0,0,0,0,0,0,0,0,0,0,1,0,0,0,0,0,0,0,0,0,0,0,0,0,0,0,0,0,0,0,0,0,0,0,0,0,0,0,0,0,0,0,0,0,0,0,0,0,3,0,0,19,1,0,0,1,0,0,0,0,0,0,5,0,0,0,0,0,0,0,0,0,0,0,0,0,0,0,0,0,11,0,4,0,0,0,0,0,0,0,0,0,0,0,0,0,0,0,0,0,0,0,0,0,0,0,0,0,0,0,0,0,0,0,0,0,0,0,0,0,0,0,0,0,0,0,0,0,0,0,0,0,0,0,0,0,0,0,0,0,0,0,0,0,0,0,0,0,0,0,0,0,0,0,0,0,0,0,0,0,0,0,0,0,0,0,0,0,0,0,0,0,0,0,0,0,0,0,0,0
02/04/2020,20471,18,20,16,2,12,10,0,9,0,1,0,0,0,0,0,0,0,0,1,2,2,2,12,6,0,0,0,0,0,1,0,0,0,0,0,0,0,0,0,0,0,1,0,0,0,0,0,0,0,0,0,0,0,0,0,0,0,0,0,0,0,0,0,0,0,0,0,0,0,0,0,0,0,0,0,0,0,0,0,3,0,0,19,1,0,0,1,0,0,0,0,0,0,5,0,0,0,0,0,0,0,0,0,0,0,0,0,0,0,0,0,11,0,4,0,0,0,0,0,0,0,0,0,0,0,0,0,0,0,0,0,0,0,0,0,0,0,0,0,0,0,0,0,0,0,0,0,0,0,0,0,0,0,0,0,0,0,0,0,0,0,0,0,0,0,0,0,0,0,0,0,0,0,0,0,0,0,0,0,0,0,0,0,0,0,0,0,0,0,0,0,0,0,0,0,0,0,0,0,0,0,0,0,0,0,0,0,0,0,0,0
02/05/2020,24363,24,33,18,3,13,10,0,10,0,1,0,0,0,0,0,0,0,0,1,2,2,2,12,6,0,1,0,0,0,1,0,0,0,0,0,0,0,0,0,0,0,1,0,0,0,0,0,0,0,0,0,0,0,0,0,0,0,0,0,0,0,0,0,0,0,0,0,0,0,0,0,0,0,0,0,0,0,0,0,3,0,0,25,1,0,0,1,0,0,0,0,0,0,5,0,0,0,0,0,0,0,0,0,0,0,0,0,0,0,0,0,11,0,5,0,0,0,0,0,0,0,0,0,0,0,0,0,0,0,0,0,0,0,0,0,0,0,0,0,0,0,0,0,0,0,0,0,0,0,0,0,0,0,0,0,0,0,0,0,0,0,0,0,0,0,0,0,0,0,0,0,0,0,0,0,0,0,0,0,0,0,0,0,0,0,0,0,0,0,0,0,0,0,0,0,0,0,0,0,0,0,0,0,0,0,0,0,0,0,0,0
02/06/2020,28060,28,25,23,3,14,12,0,10,0,1,0,0,0,0,0,0,0,0,1,2,2,2,12,6,0,1,0,0,0,1,0,0,0,0,0,0,0,0,0,0,0,1,0,0,0,0,0,0,0,0,0,0,0,0,0,0,0,0,0,0,0,0,0,0,0,0,0,0,0,0,0,0,0,0,0,0,0,0,0,3,0,0,25,1,0,0,1,0,0,0,0,0,0,5,0,0,0,0,0,0,0,0,0,0,0,0,0,0,0,0,0,12,0,5,0,0,0,0,0,0,0,0,0,0,0,0,0,0,0,0,0,0,0,0,0,0,0,0,0,0,0,0,0,0,0,0,0,0,0,0,0,0,0,0,0,0,0,0,0,0,0,0,0,0,0,0,0,0,0,0,0,0,0,0,0,0,0,0,0,0,0,0,0,0,0,0,0,0,0,0,0,0,0,0,0,0,0,0,0,0,0,0,0,0,0,0,0,0,0,0,0
02/07/2020,31211,30,25,24,3,15,14,0,12,0,1,0,0,0,0,0,0,0,0,1,3,3,2,13,6,0,1,0,0,0,1,0,0,0,0,0,0,0,0,0,0,0,1,0,0,0,0,0,0,0,0,0,0,0,0,0,0,0,0,0,0,0,0,0,0,0,0,0,0,0,0,0,0,0,0,0,0,0,0,0,3,0,0,25,1,0,0,1,0,0,0,0,0,0,5,0,0,0,0,0,0,0,0,0,0,0,0,0,0,0,0,0,12,0,7,0,0,0,0,0,0,0,0,0,0,0,0,0,0,0,0,0,0,0,0,0,0,0,0,0,0,0,0,0,0,0,0,0,0,0,0,0,0,0,0,0,0,0,0,0,0,0,0,0,0,0,0,0,0,0,0,0,0,0,0,0,0,0,0,0,0,0,0,0,0,0,0,0,0,0,0,0,0,0,0,0,0,0,0,0,0,0,0,0,0,0,0,0,0,0,0,0
02/08/2020,34598,33,25,24,3,15,15,0,13,0,1,0,0,0,0,0,0,0,0,1,3,3,2,14,6,0,1,0,0,0,1,0,0,0,0,0,0,0,0,0,0,0,1,0,0,0,0,0,0,0,0,0,0,0,0,0,0,0,0,0,0,0,0,0,0,0,0,0,0,0,0,0,0,0,0,0,0,0,0,0,3,0,0,32,1,0,0,1,0,0,0,0,0,0,7,0,0,0,0,0,0,0,0,0,0,0,0,0,0,0,0,0,12,0,7,0,0,0,0,0,0,0,0,0,0,0,0,0,0,0,0,0,0,0,0,0,0,0,0,0,0,0,0,0,0,0,0,0,0,0,0,0,0,0,0,0,0,0,0,0,0,0,0,0,0,0,0,0,0,0,0,0,0,0,0,0,0,0,0,0,0,0,0,0,0,0,0,0,0,0,0,0,0,0,0,0,0,0,0,0,0,0,0,0,0,0,0,0,0,0,0,0
02/09/2020,37251,40,26,27,3,15,17,0,14,0,1,0,0,0,0,0,0,0,0,1,3,3,2,14,11,0,1,0,0,0,1,0,0,0,0,0,0,0,0,0,0,0,1,0,0,0,0,0,0,0,0,0,0,0,0,0,0,0,0,0,0,0,0,0,0,0,0,0,0,0,0,0,0,0,0,0,0,0,0,0,3,0,0,32,1,0,0,1,0,0,0,0,0,0,7,0,0,0,0,0,0,0,0,0,0,0,0,0,0,0,0,0,12,0,7,0,0,0,0,0,0,0,0,0,0,0,0,0,0,0,0,0,0,0,0,0,0,0,0,0,0,0,0,0,0,0,0,0,0,0,0,0,0,0,0,0,0,0,0,0,0,0,0,0,0,0,0,0,0,0,0,0,0,0,0,0,0,0,0,0,0,0,0,0,0,0,0,0,0,0,0,0,0,0,0,0,0,0,0,0,0,0,0,0,0,0,0,0,0,0,0,0
02/10/2020,40235,43,26,27,3,15,18,0,14,0,1,0,0,0,0,0,0,0,0,2,3,4,2,14,11,0,1,0,0,0,1,0,0,0,0,0,0,0,0,0,0,0,1,0,0,0,0,0,0,0,0,0,0,0,0,0,0,0,0,0,0,0,0,0,0,0,0,0,0,0,0,0,0,0,0,0,0,0,0,0,3,0,0,32,1,0,0,1,0,0,0,0,0,0,7,0,0,0,0,0,0,0,0,0,0,0,0,0,0,0,0,0,12,0,7,0,0,0,0,0,0,0,0,0,0,0,0,0,0,0,0,0,0,0,0,0,0,0,0,0,0,0,0,0,0,0,0,0,0,0,0,0,0,0,0,0,0,0,0,0,0,0,0,0,0,0,0,0,0,0,0,0,0,0,0,0,0,0,0,0,0,0,0,0,0,0,0,0,0,0,0,0,0,0,0,0,0,0,0,0,0,0,0,0,0,0,0,0,0,0,0,0
02/11/2020,42708,45,26,28,3,15,18,0,15,0,1,0,0,0,0,0,0,0,0,2,3,8,2,14,11,0,1,0,0,0,1,0,0,0,0,0,0,0,0,0,0,0,1,0,0,0,0,0,0,0,0,0,0,0,0,0,0,0,0,0,0,0,0,0,0,0,0,0,0,0,0,0,0,0,0,0,0,0,0,0,3,0,0,33,1,0,0,1,0,0,0,0,0,0,8,0,0,0,0,0,0,0,0,0,0,0,0,0,0,0,0,0,13,0,7,0,0,0,0,0,0,0,0,0,0,0,0,0,0,0,0,0,0,0,0,0,0,0,0,0,0,0,0,0,0,0,0,0,0,0,0,0,0,0,0,0,0,0,0,0,0,0,0,0,0,0,0,0,0,0,0,0,0,0,0,0,0,0,0,0,0,0,0,0,0,0,0,0,0,0,0,0,0,0,0,0,0,0,0,0,0,0,0,0,0,0,0,0,0,0,0,0
02/12/2020,44730,47,28,28,3,15,18,0,15,0,1,0,0,0,0,0,0,0,0,2,3,8,2,16,11,0,1,0,0,0,1,0,0,0,0,0,0,0,0,0,0,0,1,0,0,0,0,0,0,0,0,0,0,0,0,0,0,0,0,0,0,0,0,0,0,0,0,0,0,0,0,0,0,0,0,0,0,0,0,0,3,0,0,33,1,0,0,1,0,0,0,0,0,0,8,0,0,0,0,0,0,0,0,0,0,0,0,0,0,0,0,0,13,0,7,0,0,0,0,0,0,0,0,0,0,0,0,0,0,0,0,0,0,0,0,0,0,0,0,0,0,0,0,0,0,0,0,0,0,0,0,0,0,0,0,0,0,0,0,0,0,0,0,0,0,0,0,0,0,0,0,0,0,0,0,0,0,0,0,0,0,0,0,0,0,0,0,0,0,0,0,0,0,0,0,0,0,0,0,0,0,0,0,0,0,0,0,0,0,0,0,0
2/13/2020,46550,50,29,28,3,15,18,0,16,0,1,0,0,0,0,0,0,0,0,2,3,9,2,16,11,0,1,0,0,0,1,0,0,0,0,0,0,0,0,0,0,0,1,0,0,0,0,0,0,0,0,0,0,0,0,0,0,0,0,0,0,0,0,0,0,0,0,0,0,0,0,0,0,0,0,0,0,0,0,0,3,0,0,33,1,0,0,1,0,0,0,0,0,0,8,0,0,0,0,0,0,0,0,0,0,0,0,0,0,0,0,0,14,0,7,0,0,0,0,0,0,0,0,0,0,0,0,0,0,0,0,0,0,0,0,0,0,0,0,0,0,0,0,0,0,0,0,0,0,0,0,0,0,0,0,0,0,0,0,0,0,0,0,0,0,0,0,0,0,0,0,0,0,0,0,0,0,0,0,0,0,0,0,0,0,0,0,0,0,0,0,0,0,0,0,0,0,0,0,0,0,0,0,0,0,0,0,0,0,0,0,0
2/14/2020,48548,58,33,28,3,15,19,0,16,0,1,0,0,0,0,0,0,0,0,2,3,9,2,16,11,0,1,0,0,0,1,0,0,0,0,0,0,0,0,0,0,0,1,0,0,0,0,0,0,0,0,0,0,0,0,0,0,0,0,0,0,0,0,0,0,0,0,0,0,0,0,0,0,0,0,0,0,0,0,0,3,0,0,33,1,0,0,1,0,0,0,0,0,0,8,0,0,0,0,0,0,0,0,0,0,0,0,0,0,0,0,0,15,0,7,0,0,0,0,0,0,0,0,0,0,0,0,0,0,0,0,0,0,0,0,0,0,0,0,0,0,0,0,0,0,0,0,0,0,0,0,0,0,0,0,0,0,0,0,0,0,0,0,0,0,0,0,0,0,0,0,0,0,0,0,0,0,0,0,0,0,0,0,0,0,0,0,0,0,0,0,0,0,0,0,0,0,0,0,0,0,0,0,0,0,0,0,0,0,0,0,0
2/15/2020,50054,67,41,28,3,15,21,0,16,0,1,0,0,0,0,0,0,0,0,2,3,9,2,16,11,0,1,0,0,0,1,0,0,0,0,0,0,0,0,0,0,0,1,0,0,0,0,0,0,0,0,0,0,0,0,0,0,0,0,0,0,0,0,0,0,0,0,0,0,0,0,0,0,0,0,0,0,0,0,0,3,0,0,34,1,0,0,1,0,0,0,0,0,0,8,1,0,0,0,0,0,0,0,0,0,0,0,0,0,0,0,0,15,0,7,0,0,0,0,0,0,0,0,0,0,0,0,0,0,0,0,0,0,0,0,0,0,0,0,0,0,0,0,0,0,0,0,0,0,0,0,0,0,0,0,0,0,0,0,0,0,0,0,0,0,0,0,0,0,0,0,0,0,0,0,0,0,0,0,0,0,0,0,0,0,0,0,0,0,0,0,0,0,0,0,0,0,0,0,0,0,0,0,0,0,0,0,0,0,0,0,0
2/16/2020,51174,72,53,29,3,15,22,0,16,0,1,0,0,0,0,0,0,0,0,2,3,9,2,16,12,0,1,0,0,0,1,0,0,0,0,0,0,0,0,0,0,0,1,0,0,0,0,0,0,0,0,0,0,0,0,0,0,0,0,0,0,0,0,0,0,0,0,0,0,0,0,0,0,0,0,0,0,0,0,0,3,0,0,34,1,0,0,1,0,0,0,0,0,0,8,1,0,0,0,0,0,0,0,0,0,0,0,0,0,0,0,0,15,0,7,0,0,0,0,0,0,0,0,0,0,0,0,0,0,0,0,0,0,0,0,0,0,0,0,0,0,0,0,0,0,0,0,0,0,0,0,0,0,0,0,0,0,0,0,0,0,0,0,0,0,0,0,0,0,0,0,0,0,0,0,0,0,0,0,0,0,0,0,0,0,0,0,0,0,0,0,0,0,0,0,0,0,0,0,0,0,0,0,0,0,0,0,0,0,0,0,0
2/17/2020,70635,75,59,30,3,15,22,0,16,0,1,0,0,0,0,0,0,0,0,2,3,9,2,16,12,0,1,0,0,0,1,0,0,0,0,0,0,0,0,0,0,0,1,0,0,0,0,0,0,0,0,0,0,0,0,0,0,0,0,0,0,0,0,0,0,0,0,0,0,0,0,0,0,0,0,0,0,0,0,0,3,0,0,35,1,0,0,1,0,0,0,0,0,0,9,1,0,0,0,0,0,0,0,0,0,0,0,0,0,0,0,0,15,0,7,0,0,0,0,0,0,0,0,0,0,0,0,0,0,0,0,0,0,0,0,0,0,0,0,0,0,0,0,0,0,0,0,0,0,0,0,0,0,0,0,0,0,0,0,0,0,0,0,0,0,0,0,0,0,0,0,0,0,0,0,0,0,0,0,0,0,0,0,0,0,0,0,0,0,0,0,0,0,0,0,0,0,0,0,0,0,0,0,0,0,0,0,0,0,0,0,0
2/18/2020,72528,77,65,31,3,15,22,0,16,0,1,0,0,0,0,0,0,0,0,2,3,9,2,16,12,0,1,0,0,0,1,0,0,0,0,0,0,0,0,0,0,0,1,0,0,0,0,0,0,0,0,0,0,0,0,0,0,0,0,0,0,0,0,0,0,0,0,0,0,0,0,0,0,0,0,0,0,0,0,0,3,0,0,35,1,0,0,1,0,0,0,0,0,0,9,1,0,0,0,0,0,0,0,0,0,0,0,0,0,0,0,0,15,0,8,0,0,0,0,0,0,0,0,0,0,0,0,0,0,0,0,0,0,0,0,0,0,0,0,0,0,0,0,0,0,0,0,0,0,0,0,0,0,0,0,0,0,0,0,0,0,0,0,0,0,0,0,0,0,0,0,0,0,0,0,0,0,0,0,0,0,0,0,0,0,0,0,0,0,0,0,0,0,0,0,0,0,0,0,0,0,0,0,0,0,0,0,0,0,0,0,0
2/19/2020,74280,81,73,51,3,15,22,0,16,0,1,0,0,0,0,0,0,0,0,2,3,9,2,16,12,0,1,0,0,0,1,0,0,0,0,0,0,0,0,0,0,0,1,0,0,0,0,0,0,0,0,0,0,0,0,0,0,0,0,0,0,0,0,0,0,0,0,0,0,0,0,0,0,0,0,0,0,0,0,0,3,0,0,35,1,0,0,1,0,0,0,0,0,0,9,1,0,0,0,0,0,0,0,0,0,0,0,0,0,0,0,0,15,0,8,0,0,0,0,0,0,0,0,0,0,0,0,0,0,0,0,0,0,0,0,0,0,0,0,0,0,0,0,0,0,0,0,0,0,0,0,0,0,0,0,0,0,0,0,0,0,0,0,0,0,0,0,0,0,0,0,0,0,0,0,0,0,0,0,0,0,0,0,0,0,0,0,0,0,0,0,0,0,0,0,0,0,0,0,0,0,0,0,0,0,0,0,0,0,0,0,0
2/20/2020,74675,84,85,104,3,15,22,0,16,0,1,0,0,0,0,0,0,0,0,2,3,9,2,16,12,0,1,0,0,0,1,0,0,0,0,0,0,0,0,0,0,0,1,0,0,0,0,0,0,0,0,0,0,0,0,0,0,0,0,0,0,0,0,0,0,0,0,0,0,0,0,0,0,0,0,0,0,0,0,0,3,0,0,35,1,0,0,1,0,0,2,0,0,0,9,1,0,0,0,0,0,0,0,0,0,0,0,0,0,0,0,0,15,0,8,0,0,0,0,0,0,0,0,0,0,0,0,0,0,0,0,0,0,0,0,0,0,0,0,0,0,0,0,0,0,0,0,0,0,0,0,0,0,0,0,0,0,0,0,0,0,0,0,0,0,0,0,0,0,0,0,0,0,0,0,0,0,0,0,0,0,0,0,0,0,0,0,0,0,0,0,0,0,0,0,0,0,0,0,0,0,0,0,0,0,0,0,0,0,0,0,0
2/21/2020,75569,85,93,204,3,17,22,0,16,0,1,0,0,0,0,0,0,0,0,2,3,9,2,16,12,0,1,0,0,0,1,0,0,0,0,0,0,0,0,0,0,0,1,0,0,0,0,0,0,0,0,0,0,0,0,0,0,0,0,0,0,0,0,0,0,0,0,0,0,0,0,0,0,0,0,0,0,0,0,0,3,0,0,35,1,0,0,1,0,0,5,0,0,0,9,1,0,0,0,0,0,0,0,0,0,0,0,0,0,0,0,0,15,0,8,0,0,0,0,0,0,0,0,0,0,0,0,0,0,0,0,0,0,0,0,0,0,0,0,0,0,0,0,0,0,0,0,0,0,0,0,0,0,0,0,0,0,0,0,0,0,0,0,0,0,0,0,0,0,0,0,0,0,0,0,0,0,0,0,0,0,0,0,0,0,0,0,0,0,0,0,0,0,0,0,0,0,0,0,0,0,0,0,0,0,0,0,0,0,0,0,0
2/22/2020,76392,86,105,346,3,21,22,0,16,0,1,0,0,0,0,0,0,0,0,2,9,9,2,16,12,0,1,0,0,0,1,0,0,1,0,0,0,0,0,0,0,0,1,0,0,0,0,0,0,0,0,0,0,0,0,0,0,0,0,0,0,0,0,0,0,0,0,0,0,0,0,0,0,0,0,0,0,0,0,0,3,0,0,35,1,0,0,1,0,0,18,0,0,0,11,1,0,0,0,0,0,0,0,0,0,0,1,0,0,0,0,0,35,0,8,0,0,0,0,0,0,0,0,0,0,0,0,0,0,0,0,0,0,0,0,0,0,0,0,0,0,0,0,0,0,0,0,0,0,0,0,0,0,0,0,0,0,0,0,0,0,0,0,0,0,0,0,0,0,0,0,0,0,0,0,0,0,0,0,0,0,0,0,0,0,0,0,0,0,0,0,0,0,0,0,0,0,0,0,0,0,0,0,0,0,0,0,0,0,0,0,0
2/23/2020,77042,89,132,602,3,21,22,0,16,0,1,0,0,0,0,0,0,0,0,2,76,9,2,16,12,0,1,0,0,0,1,0,0,1,0,0,0,0,0,0,0,0,1,0,0,0,0,0,0,0,0,0,0,0,0,0,0,0,0,0,0,0,0,0,0,0,0,0,0,0,0,0,0,0,0,0,0,0,0,0,3,0,0,35,1,0,0,1,0,0,28,0,0,0,13,1,0,0,0,0,0,0,0,0,0,0,1,0,0,0,0,0,35,0,9,0,0,0,0,0,0,0,0,0,0,0,0,0,0,0,0,0,0,0,0,0,0,0,0,0,0,0,0,0,0,0,0,0,0,0,0,0,0,0,0,0,0,0,0,0,0,0,0,0,0,0,0,0,0,0,0,0,0,0,0,0,0,0,0,0,0,0,0,0,0,0,0,0,0,0,0,0,0,0,0,0,0,0,0,0,0,0,0,0,0,0,0,0,0,0,0,0
2/24/2020,77262,89,144,763,3,21,22,0,16,0,1,0,0,0,0,0,0,0,0,2,124,9,2,16,12,0,1,0,0,0,1,0,0,1,0,0,0,0,0,0,0,0,1,0,0,0,0,0,0,0,0,0,0,0,0,0,0,0,0,0,0,0,0,0,0,0,0,0,0,0,0,0,0,0,0,0,0,0,0,0,3,0,0,35,1,0,0,1,0,0,43,0,0,0,13,1,3,0,0,0,0,0,0,0,0,0,1,0,0,0,0,0,35,0,9,0,0,0,0,0,0,0,0,0,0,0,0,0,0,0,0,0,0,0,0,0,0,0,0,0,0,0,0,0,0,0,0,0,0,0,0,0,0,0,0,0,0,0,0,0,0,0,0,0,0,0,0,0,0,0,0,0,0,0,0,0,0,0,0,0,0,0,0,0,0,0,0,0,0,0,0,0,0,0,0,0,0,0,0,0,0,0,0,0,0,0,0,0,0,0,0,0
2/25/2020,77780,90,157,977,3,22,22,0,16,0,1,0,0,0,0,0,0,0,0,2,229,13,2,16,12,0,1,0,0,0,1,0,0,2,0,0,0,0,0,0,0,0,1,0,0,0,0,0,0,0,0,0,0,0,0,0,0,0,0,0,0,0,0,0,0,0,0,0,0,0,0,0,0,0,0,0,0,0,0,0,3,0,0,37,1,0,0,1,0,0,61,0,0,0,13,1,8,0,8,1,2,1,0,0,0,0,1,0,0,0,0,0,53,0,10,0,0,0,0,0,0,0,0,0,0,0,0,0,0,0,0,0,0,0,0,0,0,0,0,0,0,0,0,0,0,0,0,0,0,0,0,0,0,0,0,0,0,0,0,0,0,0,0,0,0,0,0,0,0,0,0,0,0,0,0,0,0,0,0,0,0,0,0,0,0,0,0,0,0,0,0,0,0,0,0,0,0,0,0,0,0,0,0,0,0,0,0,0,0,0,0,0
2/26/2020,78191,91,164,1261,3,23,22,0,16,0,1,0,0,0,0,0,0,0,0,2,322,13,2,18,12,0,1,0,1,0,1,0,0,2,2,0,0,0,0,0,0,0,1,0,0,0,0,0,0,0,0,2,0,0,0,0,0,0,0,0,0,0,0,0,0,0,0,0,0,0,0,0,0,0,0,0,0,0,0,0,3,0,0,40,1,0,0,1,0,0,95,0,0,0,13,1,12,0,26,1,4,5,0,0,0,0,1,0,0,0,0,0,53,0,10,0,0,0,0,0,0,0,0,0,0,0,0,0,0,0,0,0,0,0,0,0,0,0,0,0,0,0,0,0,0,0,0,0,0,0,0,0,0,0,0,0,0,0,0,0,0,0,0,0,0,0,0,1,0,0,0,0,0,0,0,0,0,0,0,0,0,0,0,0,0,0,0,0,0,0,0,0,0,0,0,0,0,0,0,0,0,0,0,0,0,0,0,0,0,0,0,0
2/27/2020,78630,93,186,1766,3,23,22,0,16,0,1,0,0,0,0,0,0,0,0,12,400,13,2,21,18,0,1,0,1,0,2,0,0,2,2,0,1,0,1,0,0,1,2,0,0,0,0,0,1,0,0,3,0,0,0,1,1,0,0,0,0,0,0,0,0,1,0,0,0,0,0,0,0,0,0,0,0,0,0,0,3,0,0,40,1,0,0,1,0,0,141,0,2,0,13,1,43,0,33,1,4,6,0,0,0,0,2,0,0,0,0,0,59,1,11,0,0,0,0,0,0,0,0,0,0,0,0,0,0,0,0,0,0,0,0,0,0,0,0,0,0,0,0,0,0,0,0,0,0,0,0,0,0,0,0,0,0,0,0,0,0,0,0,0,0,0,0,1,0,0,0,0,0,0,0,0,0,0,0,0,0,0,0,0,0,0,0,0,0,0,0,0,0,0,0,0,0,0,0,0,0,0,0,0,0,0,0,0,0,0,0,0
2/28/2020,78961,96,210,2337,3,23,24,1,16,0,1,0,0,0,0,0,0,0,0,25,650,16,2,26,38,0,1,1,6,0,7,0,1,3,4,0,1,0,1,0,0,4,2,0,0,0,0,0,3,0,0,3,0,0,0,1,1,0,0,1,0,0,0,0,0,1,0,0,0,0,0,0,0,0,0,0,0,0,0,0,3,0,0,40,1,0,0,1,0,0,245,0,2,0,19,1,43,0,33,1,6,7,0,0,0,0,2,0,0,0,0,0,59,1,11,0,0,0,0,0,0,0,0,0,0,0,0,0,0,0,0,0,0,0,0,0,0,0,0,0,0,0,0,0,0,0,0,0,0,0,0,0,0,0,0,0,0,0,0,0,0,0,0,0,0,0,0,1,1,0,0,0,0,0,0,0,0,0,0,0,0,0,0,0,0,0,0,0,0,0,0,0,0,0,0,0,0,0,0,0,0,0,0,0,0,0,0,0,0,0,0,0
2/29/2020,79394,98,230,3150,3,24,24,1,16,0,1,0,0,0,0,0,0,0,0,32,888,20,2,57,57,0,1,2,10,0,12,0,1,5,5,0,3,0,2,0,0,6,2,0,0,0,0,0,3,0,0,5,0,0,0,1,1,0,0,1,0,0,0,0,0,2,1,0,0,0,0,0,0,0,0,0,0,0,0,0,3,0,0,42,1,0,0,1,0,0,388,0,2,0,19,1,45,0,38,1,6,8,0,0,0,0,2,0,0,0,0,0,62,1,14,0,0,2,0,0,0,0,0,0,0,0,0,0,0,0,0,0,0,0,0,0,0,0,0,0,0,0,0,0,0,0,0,0,0,0,0,0,0,0,0,0,0,0,0,0,0,0,0,0,0,0,0,1,1,0,0,0,0,0,0,0,0,0,0,0,0,0,0,0,0,0,0,0,0,0,0,0,0,0,0,0,0,0,0,0,0,0,0,0,0,0,0,0,0,0,0,0
03/01/2020,79968,102,239,3736,3,25,24,1,16,0,1,0,0,0,0,0,0,0,0,45,1128,23,2,57,100,0,1,7,18,0,13,1,1,7,10,0,3,0,3,0,0,15,2,0,0,0,0,0,3,0,3,7,0,0,0,1,1,0,0,1,0,0,0,0,0,3,1,0,0,0,1,0,0,0,0,0,0,0,0,0,3,0,0,42,1,0,0,1,0,0,593,0,4,1,19,1,45,0,40,1,6,13,0,0,0,0,2,0,0,0,0,0,62,2,19,0,1,2,0,0,0,0,0,0,0,0,0,0,0,0,0,0,0,0,0,0,0,0,0,0,0,0,0,0,0,0,0,0,0,0,0,0,0,0,0,0,0,0,0,0,0,0,0,0,0,0,0,1,1,0,0,0,0,0,0,0,0,0,0,0,0,0,0,0,0,0,0,0,0,0,0,0,0,0,0,0,0,0,0,0,0,0,0,0,0,0,0,0,0,0,0,0
03/02/2020,80174,106,254,4212,3,27,24,1,16,0,1,0,0,0,0,0,0,0,0,45,1689,36,2,129,100,0,1,13,26,0,14,1,1,7,10,0,3,0,4,0,3,19,6,0,0,1,0,1,7,0,3,7,0,2,0,1,1,0,0,1,0,0,0,0,0,3,1,0,0,0,1,0,0,0,0,0,0,0,0,0,3,2,0,42,1,0,0,1,0,0,978,0,4,3,21,2,56,0,47,1,6,19,0,0,0,0,10,0,0,0,0,0,62,2,19,0,1,5,0,1,0,0,0,0,0,0,0,0,0,0,0,0,0,0,0,0,0,0,0,0,0,0,0,0,0,0,0,0,0,0,0,0,0,0,0,0,0,0,0,0,0,0,0,0,0,0,0,1,1,0,0,0,0,0,0,0,0,0,0,0,0,0,0,0,0,0,0,0,0,0,0,0,0,0,0,0,0,0,0,0,0,0,0,0,0,0,0,0,0,0,0,0
03/03/2020,80304,108,268,4812,3,33,29,2,16,0,1,0,0,0,0,0,0,0,0,114,2036,39,3,157,191,0,8,18,30,2,15,1,1,10,18,0,3,0,5,0,3,25,7,0,0,1,0,1,7,0,3,9,0,9,0,1,1,0,0,1,1,0,0,0,1,3,8,0,0,0,1,0,0,0,0,0,0,0,0,0,5,2,0,43,1,0,0,1,0,0,1501,1,5,7,21,2,56,1,49,1,6,26,0,1,0,0,13,1,0,0,0,0,64,2,27,0,6,5,0,1,0,0,0,0,0,0,0,0,0,0,0,0,0,0,0,0,0,0,0,0,0,0,0,0,0,0,0,0,0,0,0,0,0,0,0,0,0,0,0,0,0,0,0,0,0,0,0,5,1,0,0,0,0,1,0,0,0,0,0,0,0,0,0,0,0,0,0,0,0,0,0,0,0,0,0,0,0,0,0,0,0,0,0,0,0,0,0,0,0,0,0,0
03/04/2020,80422,110,284,5328,3,43,50,2,16,0,1,0,0,0,0,0,0,0,0,151,2502,51,3,196,212,0,8,28,27,2,24,2,1,12,24,1,4,1,8,0,5,33,7,0,0,1,0,1,7,0,3,9,0,16,0,2,1,0,0,1,1,0,0,0,1,3,8,0,0,0,1,0,0,0,0,0,0,0,0,0,6,2,0,43,1,0,0,1,0,0,2336,1,5,8,27,2,56,1,49,1,12,31,0,1,0,0,13,1,0,0,0,0,108,2,30,0,7,5,1,1,0,0,1,0,0,0,0,0,0,0,0,0,0,0,0,0,0,0,0,0,0,0,0,0,0,0,0,0,0,0,0,0,0,0,0,0,0,0,0,0,0,0,0,0,0,0,0,5,1,0,0,0,0,1,0,0,0,0,0,0,0,0,0,0,0,0,0,0,0,0,0,0,0,0,0,0,0,0,0,0,0,0,0,0,0,0,0,0,0,0,0,0
03/05/2020,80565,110,317,5766,3,57,50,2,16,0,1,0,0,0,0,0,0,0,0,198,3089,89,3,262,282,0,23,38,56,7,35,2,6,15,37,1,4,1,10,0,5,56,7,0,0,1,2,1,9,0,3,9,1,26,0,2,1,1,0,1,1,0,0,0,1,3,16,0,0,0,1,0,0,0,0,0,0,0,1,0,29,2,0,47,1,0,0,1,0,0,2922,1,5,8,27,2,58,2,49,1,15,36,0,1,0,0,13,1,0,0,0,4,129,3,30,0,7,5,1,1,0,0,1,0,0,0,0,0,0,0,0,0,0,0,0,0,0,0,0,0,0,0,0,0,0,0,0,0,0,0,0,0,0,0,0,0,2,0,0,0,0,0,1,0,0,0,0,12,4,0,0,0,0,1,0,0,0,0,0,0,0,0,0,0,0,0,0,0,0,0,0,0,0,0,0,0,0,0,0,0,0,0,0,0,0,0,0,0,0,0,0,0
03/06/2020,80711,117,349,6284,5,57,55,4,16,0,1,0,0,0,0,0,0,0,0,257,3858,118,4,534,420,0,50,82,86,9,61,14,6,15,47,1,6,1,18,1,12,86,12,0,0,1,2,1,32,0,3,10,2,26,0,3,1,6,0,1,1,0,0,0,1,9,21,0,0,0,1,0,0,0,0,0,0,0,1,0,30,2,0,47,1,0,0,1,0,1,3513,8,5,8,27,3,58,2,49,1,16,36,0,1,0,0,16,1,0,0,0,7,148,7,45,0,13,5,1,1,0,0,1,0,0,0,0,0,0,0,0,0,0,0,0,0,0,0,0,0,0,0,0,0,0,0,0,0,0,0,0,0,0,0,0,0,2,0,0,0,0,0,1,0,0,0,1,12,1,0,1,0,0,4,0,0,0,0,0,0,0,0,0,0,0,0,0,0,0,0,0,0,0,0,0,0,0,0,0,0,0,0,0,0,0,0,0,0,0,0,0,0
03/07/2020,80813,130,408,6767,5,62,83,5,17,0,1,0,0,0,0,0,0,0,0,374,4636,167,7,639,613,0,109,128,209,13,137,18,6,19,66,5,7,1,23,1,12,113,19,0,0,2,5,1,32,0,9,11,2,45,0,10,3,9,1,1,1,0,0,0,1,9,24,0,0,0,1,0,1,0,0,0,0,0,1,0,31,2,0,48,1,0,0,1,0,1,4747,8,5,11,45,3,58,2,49,1,16,44,0,1,0,0,22,1,0,0,0,16,213,13,51,1,14,5,5,1,1,0,2,0,0,0,0,0,0,0,0,0,0,0,0,0,0,0,0,0,0,0,0,0,0,0,0,0,0,0,0,0,0,0,0,0,2,0,0,0,0,0,1,0,0,0,1,17,1,0,2,0,0,4,0,0,0,0,0,0,0,0,0,0,0,0,0,0,0,0,0,0,0,0,1,0,0,0,0,0,0,0,0,0,0,0,0,0,0,0,0,0
03/08/2020,80859,138,455,7134,6,74,93,5,21,0,2,0,0,0,0,0,0,0,0,430,5883,210,7,795,706,0,169,188,264,21,161,19,6,25,104,6,13,1,31,1,26,147,19,0,1,2,7,1,66,0,9,11,2,45,2,10,3,12,3,1,1,0,0,0,1,12,27,3,0,0,1,1,1,0,0,0,0,1,1,0,34,4,0,50,1,2,0,1,0,1,5823,7,5,12,45,48,62,2,56,4,16,54,0,1,0,0,28,1,0,0,0,16,213,19,57,6,14,7,5,1,1,0,9,0,0,0,0,5,0,0,0,0,0,0,0,0,0,0,0,0,0,0,0,0,0,0,0,0,2,0,5,0,0,0,0,0,2,0,0,0,0,0,1,0,0,0,2,17,1,0,2,0,0,4,0,0,0,0,0,0,0,0,0,0,0,0,0,0,0,0,0,0,0,0,1,0,0,0,0,0,0,0,0,0,0,0,0,0,0,0,0,0
03/09/2020,80904,150,488,7382,10,77,93,5,30,0,2,0,0,0,0,0,0,0,0,589,7375,277,7,1112,1116,0,200,265,332,30,203,21,6,39,112,11,15,1,36,1,32,169,30,0,1,2,9,1,73,0,9,11,2,55,4,10,3,16,5,1,3,0,0,2,1,13,37,3,0,0,1,1,1,0,0,0,0,2,1,0,43,6,3,50,1,4,0,1,0,1,6566,15,6,15,45,55,64,2,79,4,16,60,0,2,0,0,32,1,0,0,0,19,213,25,62,6,15,7,10,1,1,0,12,0,0,0,0,9,0,0,0,1,0,0,0,0,0,0,0,0,0,0,0,0,0,0,0,0,2,0,5,0,0,0,0,0,2,0,0,0,0,0,1,0,0,0,3,20,2,0,2,0,0,4,0,0,0,0,0,0,0,0,0,0,0,0,0,0,0,0,0,0,0,0,1,0,0,0,0,0,0,0,0,0,0,0,0,0,0,0,0,0
03/10/2020,80924,160,514,7513,33,92,117,5,31,1,2,1,0,0,0,0,0,0,0,1024,9172,323,7,1139,1402,0,239,321,332,30,248,24,6,39,131,16,15,1,90,1,38,192,40,0,1,5,9,1,73,0,9,12,2,55,4,10,7,23,7,1,6,0,2,2,1,15,49,4,0,0,1,1,1,0,0,0,1,2,1,0,44,19,3,53,1,4,0,1,0,1,7161,15,16,18,59,59,65,2,109,4,18,61,0,2,0,0,41,1,0,0,0,26,472,25,77,9,15,7,13,5,3,1,12,0,0,0,0,9,0,0,0,1,0,0,0,0,0,0,0,0,0,0,0,0,0,0,0,0,2,0,5,0,0,0,0,0,2,0,0,0,0,0,1,0,0,0,7,20,2,0,2,0,0,4,0,0,0,0,0,0,0,0,0,0,0,0,0,0,0,0,0,0,0,0,1,0,0,0,0,0,0,0,0,0,0,0,0,0,0,0,0,0
03/11/2020,80955,166,568,7755,49,112,129,5,35,1,3,1,0,0,0,0,0,0,0,1639,10149,373,7,1296,1774,0,267,382,491,41,326,34,9,75,182,22,25,1,262,12,61,277,40,0,3,5,13,1,89,0,9,16,4,61,6,13,7,31,7,1,8,0,2,10,1,23,63,4,0,0,1,1,1,0,0,0,1,2,1,0,60,27,3,59,1,8,0,1,0,1,8042,20,16,24,74,59,69,3,110,4,18,61,0,6,0,0,41,1,0,0,0,30,696,34,93,11,15,7,17,5,3,8,17,2,0,0,0,13,0,0,1,5,0,0,0,0,0,0,0,0,0,0,0,0,0,0,0,0,3,0,5,0,0,0,0,0,2,0,0,0,0,0,1,0,0,0,7,20,2,0,2,0,0,4,1,0,2,0,0,0,0,0,0,0,0,0,0,0,0,0,0,0,0,0,1,0,0,0,0,0,0,0,0,0,0,0,0,0,0,0,0,0
03/12/2020,80981,178,620,7869,52,122,129,5,39,12,3,1,0,0,0,0,1,0,0,2140,12462,460,20,1567,2269,1,314,503,645,41,461,43,12,75,302,44,48,1,615,19,94,277,40,0,4,17,13,1,98,0,9,16,4,61,7,13,7,57,10,3,16,0,6,10,1,23,63,6,0,0,1,1,1,0,0,0,1,2,1,0,73,34,3,70,2,8,0,1,0,1,9000,21,19,262,74,67,80,5,189,7,18,70,0,6,0,0,66,1,0,0,0,30,987,52,93,17,17,11,23,5,9,10,19,2,0,2,0,13,0,0,1,5,0,0,0,0,0,0,0,0,0,0,0,0,0,0,0,0,3,0,5,0,0,0,0,0,2,0,0,0,0,0,1,0,0,0,13,25,2,0,2,0,1,4,1,0,2,0,0,0,0,0,0,0,0,0,0,0,0,0,0,0,0,0,1,0,0,0,0,0,0,0,0,0,0,0,0,0,0,0,0,0
3/13/2020,80991,187,675,7979,52,140,129,5,39,12,5,1,0,0,0,0,1,0,0,2965,15113,594,34,2369,2860,1,314,614,858,41,620,70,12,75,361,49,48,3,674,19,116,489,109,0,4,17,16,1,98,0,11,16,4,61,7,13,7,57,21,3,16,0,6,23,1,25,63,9,0,0,1,4,1,0,0,2,1,2,1,0,74,34,3,75,3,8,0,1,0,1,10075,21,20,262,85,67,80,6,195,7,18,70,0,7,0,0,66,1,0,0,0,31,1264,77,138,22,17,12,33,5,9,14,31,3,3,2,0,22,0,0,1,5,0,0,0,1,0,0,0,0,0,0,1,0,0,0,0,0,4,0,6,0,0,0,0,0,2,0,0,0,0,0,1,0,0,0,17,25,25,0,2,0,1,10,1,0,2,0,0,0,0,0,0,0,0,0,0,0,0,0,0,0,0,0,1,0,0,0,0,0,0,0,0,0,0,0,0,0,0,0,0,0
3/14/2020,81021,200,716,8086,64,197,197,6,48,25,7,1,0,0,0,0,1,0,0,4231,17660,802,34,3062,3640,5,599,804,1125,112,775,90,21,100,504,64,64,3,801,31,150,750,109,0,8,38,19,8,98,0,11,27,11,61,7,79,9,141,30,6,16,0,14,33,2,25,66,12,0,0,2,4,1,0,0,2,1,3,1,0,82,69,3,75,6,9,0,1,0,1,11364,62,21,262,85,93,100,7,210,7,19,93,0,16,0,1,77,1,0,0,0,35,1678,98,176,28,23,26,43,5,16,27,34,3,4,2,0,23,0,0,7,6,2,1,0,6,0,0,1,0,0,0,1,0,0,0,0,3,6,1,1,0,0,1,0,0,2,0,0,0,0,0,1,0,0,0,17,26,2,1,2,1,1,10,2,0,2,0,1,0,0,0,1,0,0,0,0,0,0,0,0,0,1,0,1,0,0,0,0,0,0,0,0,0,0,0,0,0,0,0,0,0
3/15/2020,81048,212,780,8162,111,249,238,6,53,40,7,1,0,0,0,0,3,0,0,5753,21157,1144,34,3795,4469,5,689,959,1359,112,924,129,21,178,800,111,123,3,827,41,214,907,210,6,12,38,32,8,228,0,19,37,18,138,43,79,13,141,44,9,30,0,21,38,2,30,92,12,0,0,2,4,1,0,0,2,1,9,1,0,107,117,3,75,11,10,0,1,0,1,12729,103,28,337,85,93,112,18,211,10,20,93,0,16,0,1,93,1,0,0,0,38,1678,121,244,43,23,41,61,5,24,27,45,3,4,2,0,23,0,0,8,6,2,1,0,1,0,0,1,0,0,0,1,0,0,0,0,3,10,3,7,0,0,1,0,0,2,2,0,0,0,0,1,0,0,0,38,37,2,2,3,1,3,21,2,0,3,0,1,0,0,1,1,0,0,1,0,0,0,0,0,0,1,0,1,1,0,0,1,0,0,0,0,0,0,0,0,0,2,0,1,0
3/16/2020,81077,243,814,8236,140,298,553,6,57,50,12,1,0,0,0,0,3,0,0,7753,24747,1395,63,4838,5380,5,1085,1135,2200,245,992,169,36,200,959,150,158,3,898,46,298,1077,267,6,23,38,39,26,331,4,19,49,18,138,51,205,13,219,61,14,31,0,33,42,2,33,92,21,0,0,9,7,1,0,0,2,1,11,1,0,114,117,5,114,19,13,0,1,0,1,14991,103,52,401,98,126,112,28,221,16,22,124,0,18,0,1,99,6,0,0,0,38,1678,200,304,71,37,53,75,5,24,43,56,11,4,2,1,23,4,0,10,8,2,2,0,4,0,0,1,0,1,0,1,0,0,0,1,3,15,6,7,0,0,1,0,0,2,2,0,0,0,0,3,0,0,0,51,49,2,6,3,1,3,26,2,0,3,0,1,0,0,1,1,0,5,1,0,0,0,0,0,0,1,0,1,1,0,0,1,0,0,0,0,0,0,0,0,0,2,2,1,0
3/17/2020,81116,243,829,8320,187,375,553,11,61,50,24,4,0,0,0,3,3,0,0,9191,27980,1547,93,6012,6573,47,1085,1413,2200,331,1059,223,36,250,1132,150,158,7,960,70,383,1169,272,6,29,81,50,52,331,4,19,56,19,199,67,205,19,253,72,17,36,0,33,51,14,33,102,30,0,0,9,7,1,0,0,2,1,47,3,0,137,172,8,147,29,13,0,1,0,1,14991,133,187,439,98,166,130,38,229,21,24,124,0,20,1,1,109,35,0,0,0,39,3503,234,424,86,58,53,156,21,45,69,65,11,5,8,1,41,6,0,10,9,33,5,0,4,1,0,1,0,2,0,1,0,0,0,1,3,16,18,7,0,2,1,0,2,2,3,0,0,0,0,3,0,0,0,62,60,2,6,5,1,6,27,3,0,15,0,3,0,1,1,1,0,7,1,0,0,0,1,0,0,5,0,1,1,1,0,1,0,0,0,0,0,0,0,0,0,2,4,1,0
3/18/2020,81116,266,829,8320,187,414,553,11,61,54,24,4,0,0,0,3,3,0,0,11178,31506,1954,93,7156,7652,47,1486,1705,2650,448,1167,292,36,304,1332,246,184,14,977,85,434,1308,319,33,30,140,50,52,387,16,21,65,19,225,81,225,31,275,97,25,60,0,33,55,16,34,104,38,0,2,9,7,1,0,0,5,1,47,3,0,137,172,8,177,29,13,0,1,0,1,16169,171,187,442,98,166,130,38,237,22,24,154,0,24,1,1,120,35,0,0,0,41,3536,234,424,86,58,82,156,21,45,69,65,11,5,8,6,41,6,0,12,9,33,5,0,4,1,0,1,0,2,0,1,0,0,0,1,3,16,18,7,0,2,1,0,2,2,3,0,0,0,0,3,0,0,0,62,60,2,6,5,1,6,27,3,0,20,0,3,0,1,1,1,0,7,1,0,0,0,1,0,0,5,0,1,1,1,0,1,0,0,0,0,0,0,0,0,0,2,4,1,0
3/19/2020,81174,313,873,8413,187,510,673,20,66,56,35,5,0,0,0,5,3,0,0,13716,35713,2630,147,8198,9043,191,1486,2051,3010,642,1279,292,46,427,1646,287,246,16,1044,96,522,1423,359,36,36,210,58,84,418,16,34,81,36,250,92,258,36,286,105,26,71,3,58,59,39,38,109,48,0,2,9,25,1,0,0,5,1,58,8,2,151,227,10,212,42,13,0,1,0,1,17361,238,241,442,113,196,142,49,256,22,33,164,1,29,1,1,133,52,0,0,0,44,7087,291,569,145,155,93,238,21,93,86,79,12,10,9,6,50,29,0,13,11,36,7,0,4,3,2,1,0,2,0,1,0,0,0,1,5,23,33,11,0,4,1,0,2,4,3,0,0,1,0,3,0,0,0,116,72,8,9,10,1,9,36,7,0,26,0,7,0,3,3,3,3,11,3,0,0,0,2,0,0,6,2,1,1,1,0,1,0,0,0,0,0,0,0,0,1,2,6,2,0
3/20/2020,81300,345,950,8652,217,709,900,39,85,73,47,6,0,1,0,12,11,2,0,17147,41035,3277,199,10999,10877,191,1795,2460,3863,785,1423,557,46,529,1843,325,260,16,1132,123,694,1552,369,46,49,345,73,122,418,21,34,81,44,330,94,267,48,319,123,36,86,3,58,70,75,38,126,53,0,10,9,25,1,0,0,5,1,72,10,2,195,309,17,322,59,13,0,1,0,2,18407,238,302,452,140,210,148,61,269,22,39,177,1,39,1,1,149,56,0,0,0,47,10442,428,736,234,199,118,342,34,108,109,97,15,11,12,9,87,79,1,15,11,36,9,0,5,3,2,1,0,2,0,1,0,1,0,1,6,32,45,15,2,5,3,1,3,4,3,0,0,1,0,3,0,0,0,150,82,12,11,15,2,9,38,14,1,40,0,7,0,6,4,3,7,11,3,0,0,0,2,0,1,9,2,9,1,2,0,1,0,0,0,0,0,0,0,0,1,3,6,2,0
3/21/2020,81416,385,996,8799,230,873,1030,53,91,78,51,6,0,1,1,14,11,2,0,19980,47021,3983,253,18323,12475,670,2257,2994,4840,1020,1623,683,57,712,2649,425,308,26,1255,135,904,1742,450,53,66,484,85,136,495,33,44,126,44,409,127,283,70,341,137,69,111,6,67,70,75,43,151,64,0,14,12,34,1,0,1,12,1,80,10,2,195,369,17,322,59,13,0,1,1,2,19644,274,461,460,140,256,159,74,285,24,48,193,1,54,1,1,163,69,0,0,0,48,15219,621,846,234,367,164,434,72,145,137,128,16,16,24,12,113,94,1,16,13,36,9,2,5,4,5,1,0,2,0,1,0,1,0,2,14,32,51,15,2,5,3,1,3,4,3,0,0,1,0,3,0,0,0,205,94,12,16,22,2,9,38,14,1,40,0,7,0,6,4,3,12,11,3,0,0,1,2,0,1,9,2,9,1,2,0,1,0,0,0,0,0,1,0,0,1,3,6,2,0
3/22/2020,81498,432,1046,8897,307,1081,1183,66,94,83,53,10,0,2,1,15,15,4,0,24926,53578,5018,306,21463,14296,947,2815,3631,6077,1280,1746,785,76,883,3024,536,367,47,1326,173,995,1926,521,56,80,670,131,160,530,33,53,206,92,473,163,306,85,383,178,105,124,14,84,76,88,49,151,73,0,14,18,36,1,0,2,12,1,92,10,2,283,450,24,411,72,13,0,1,1,2,20610,392,495,470,153,285,176,86,306,24,52,214,1,60,1,2,206,84,0,0,0,52,15219,904,1048,318,506,164,434,72,196,137,158,19,16,24,12,113,94,1,16,18,36,9,2,5,4,5,1,0,2,0,1,0,2,0,2,21,32,51,15,2,5,3,1,6,4,3,0,0,1,0,3,0,0,0,240,94,22,19,27,2,9,56,23,1,72,0,7,0,6,6,3,12,17,4,0,3,3,3,0,1,9,2,15,1,2,1,3,0,0,0,1,2,2,0,0,1,3,7,2,0
3/23/2020,81601,455,1089,8961,380,1396,1306,102,113,88,84,10,0,2,1,27,17,5,0,28572,59138,5687,438,24774,15821,1236,3401,4204,6971,1600,1906,906,76,1071,3631,634,433,47,1395,188,1165,2132,626,60,94,798,167,190,624,46,65,235,125,568,185,326,114,414,185,143,139,14,95,89,113,54,151,90,0,21,23,46,1,0,2,15,17,115,15,2,415,514,27,721,82,13,0,1,1,2,21638,511,784,494,153,327,189,115,337,40,55,233,1,75,1,2,248,112,0,1,0,59,31573,904,1384,318,532,251,632,72,196,245,225,24,16,26,18,117,135,1,19,22,70,50,2,5,4,5,1,1,2,0,1,0,2,0,2,23,32,56,18,2,8,3,1,6,5,3,0,0,1,0,3,0,0,0,274,201,22,24,40,2,25,67,30,1,75,0,15,0,12,6,6,12,17,4,0,12,3,3,0,1,11,3,16,4,2,1,4,1,0,0,1,2,2,0,0,1,3,7,2,0
3/24/2020,81747,507,1128,9037,462,1709,1518,102,123,91,87,10,0,3,1,29,18,8,0,33089,63927,6654,438,29212,19615,1529,3743,4749,8015,2060,2016,1125,81,1238,4486,749,576,84,1460,249,1236,2371,700,63,109,875,187,235,695,46,72,306,131,588,201,352,136,442,191,179,180,16,116,123,164,67,187,107,0,22,23,46,1,0,13,16,20,118,15,4,434,579,33,827,97,13,2,2,1,2,23049,562,887,501,198,366,191,143,377,42,84,266,3,89,1,2,267,127,0,1,0,59,42164,1546,1432,395,790,370,746,245,277,345,266,27,40,30,20,158,162,3,19,22,70,51,6,5,4,17,1,1,3,1,1,1,2,0,2,31,53,62,20,6,9,5,2,17,8,4,0,1,1,0,3,0,0,0,402,231,22,27,72,4,25,79,36,2,99,0,16,0,12,6,6,36,36,4,0,13,3,3,0,3,11,3,18,4,5,9,4,1,0,0,1,2,2,0,0,1,3,7,2,0
3/25/2020,81848,558,1193,9137,552,2252,1624,189,134,104,91,10,2,4,1,32,25,10,0,39673,69176,8081,658,31554,22025,1872,4269,5560,8789,2362,2272,1329,81,2170,5282,901,762,113,1591,303,1394,2566,792,79,125,1099,226,265,743,50,87,382,164,648,220,369,148,480,204,209,197,42,124,146,188,73,187,120,0,29,23,47,1,0,23,16,23,122,15,4,562,686,39,934,102,13,3,2,1,2,24811,767,991,526,248,402,195,170,392,74,99,316,3,114,1,3,304,153,1,1,0,60,51914,2201,1739,416,1049,370,922,312,306,345,301,28,48,30,21,177,162,5,21,27,77,57,7,5,4,18,3,1,3,1,1,2,2,0,6,39,57,73,23,6,12,5,2,17,8,6,0,1,1,0,3,0,0,0,554,264,42,53,72,4,72,86,45,2,114,0,25,0,12,6,6,42,40,4,0,19,3,3,0,3,12,3,20,4,5,9,4,3,0,0,1,2,2,0,0,2,4,7,2,0
3/26/2020,81961,631,1291,9241,636,2799,1796,262,141,109,96,10,3,5,1,37,25,14,0,47610,74386,9533,840,36508,24920,2433,4937,6412,9714,2995,2510,1564,86,2369,5888,1051,906,156,1724,384,1654,2916,880,97,149,1333,261,290,821,65,93,418,173,737,242,404,177,528,216,274,221,44,132,174,213,77,208,129,0,52,23,51,4,0,23,18,30,132,26,5,649,790,39,934,102,13,3,3,1,2,27017,900,1057,537,333,456,208,225,419,80,99,346,12,173,2,3,333,172,1,5,0,64,63570,2433,3409,480,1211,478,1142,392,470,558,387,39,57,52,24,201,217,13,26,41,91,60,8,5,5,18,3,1,3,2,1,7,2,2,7,51,66,76,28,7,19,8,2,17,11,6,0,1,2,0,3,0,0,0,709,264,46,68,70,4,80,99,51,2,146,2,25,2,13,6,6,47,41,4,0,19,3,3,0,3,12,3,23,4,5,14,5,5,0,0,4,2,2,0,0,2,5,7,2,0
3/27/2020,82078,683,1387,9332,707,2985,2031,338,153,114,98,11,6,5,1,45,30,14,0,56188,80539,11662,1036,42288,28786,3629,6235,7431,10714,3544,2806,1819,86,3035,7029,1221,1029,218,1877,457,2062,3156,958,125,177,1453,300,329,892,83,122,495,213,802,264,538,201,577,226,299,244,58,146,186,231,81,218,134,0,67,19,56,4,0,26,32,34,140,35,6,724,893,48,1136,106,13,5,3,1,3,29406,1012,1057,549,333,495,208,275,458,80,109,382,12,197,3,3,368,212,1,5,0,84,68334,2433,3555,580,1211,478,1306,488,470,558,502,39,67,52,24,201,217,13,26,41,91,61,8,5,5,18,3,7,3,2,1,11,2,2,7,64,66,76,28,7,19,8,2,17,11,7,0,2,2,2,3,0,2,0,927,305,65,132,75,5,80,105,54,10,146,2,25,2,13,6,6,81,50,4,0,24,3,3,0,5,12,3,24,6,6,14,5,5,0,0,6,2,3,0,0,2,8,7,3,0
3/28/2020,82230,732,1499,9478,803,3635,2161,416,169,115,104,12,6,5,1,51,30,15,0,64059,86498,14547,1264,48582,32542,5698,7284,8603,12104,4268,3046,2121,94,3460,7697,1389,1292,311,2046,528,2279,3581,1025,204,199,1605,343,372,966,104,147,586,233,890,293,575,219,632,295,358,280,58,162,197,289,85,228,139,0,70,19,60,4,0,29,52,36,144,55,9,724,1046,48,1136,106,13,5,3,1,3,32332,1104,1235,562,405,536,235,358,473,106,152,458,13,227,3,3,391,235,1,5,0,97,85228,2915,4018,580,1595,589,1610,581,491,674,589,61,80,67,25,231,238,13,26,52,106,66,8,5,9,24,7,7,3,2,1,11,2,2,8,64,93,96,31,15,28,8,3,17,12,7,0,2,5,2,5,0,2,0,1170,367,65,137,75,8,92,119,58,10,146,9,25,2,13,6,7,96,54,19,0,26,5,3,0,5,16,13,25,9,6,14,6,7,0,0,6,2,5,0,0,2,8,7,3,0
3/29/2020,82341,802,1693,9583,1075,3966,2320,476,179,120,102,12,6,5,1,56,34,15,2,72248,92472,17093,1534,52547,37145,7402,9134,9762,13152,5170,3447,2415,94,3865,8291,1638,1452,418,2201,659,2663,3845,1218,265,231,1831,408,424,1061,133,164,657,269,963,331,640,241,691,295,394,305,84,179,212,321,90,228,139,0,82,19,61,4,91,32,61,39,155,56,10,979,1155,48,1388,106,16,8,5,1,3,35408,1203,1526,590,468,576,235,437,476,114,167,506,15,278,3,5,412,246,3,5,0,104,103321,3417,4757,635,1823,717,1909,581,539,786,690,74,119,67,32,263,274,19,30,56,113,74,8,5,10,24,7,7,3,2,1,11,4,2,8,64,93,96,31,17,46,8,3,17,6,7,0,2,5,2,5,0,2,0,1187,409,65,137,91,8,140,119,68,10,146,18,25,2,14,6,7,102,60,19,0,26,5,3,0,5,16,16,28,9,6,14,6,8,0,0,6,2,5,0,0,3,8,7,5,0
3/30/2020,82447,844,1866,9661,1418,3966,2470,552,188,126,103,12,8,5,1,56,35,15,2,78797,97689,19526,1534,57298,39642,9271,10836,10866,14274,5962,3700,2615,152,4247,8813,1862,1760,480,2395,741,2829,4102,1218,294,263,1950,447,482,1156,145,190,713,325,1020,346,679,259,730,336,484,376,84,214,223,341,98,229,151,0,85,46,62,6,94,42,63,39,159,65,10,1071,1285,49,1524,120,17,8,5,1,4,38309,1299,1625,634,570,609,255,516,515,114,167,547,19,312,3,6,438,259,8,9,0,115,122653,3904,5655,671,1835,848,1909,581,608,901,745,74,119,110,34,295,303,24,32,59,113,76,15,5,10,26,7,7,4,2,1,11,4,4,8,64,105,96,31,22,46,8,3,22,6,7,0,4,5,2,5,0,2,0,1280,454,65,152,113,16,165,142,81,20,222,18,25,2,14,13,7,102,70,19,0,37,5,3,0,5,21,16,28,9,6,33,6,8,0,0,6,2,5,0,0,3,11,8,5,0
3/31/2020,82545,879,1953,9786,1546,4359,2626,600,203,127,107,12,8,5,1,58,36,15,2,85195,101739,22145,1837,61913,43977,10827,11899,11750,15412,6408,4028,2910,152,4831,9618,2055,1952,549,2577,785,3002,4226,1313,312,298,1988,447,482,1212,149,273,790,359,1086,359,715,285,763,336,484,376,107,230,223,370,103,230,156,0,91,49,64,6,106,42,63,45,168,69,10,1071,1414,49,1524,120,17,10,5,1,4,41495,1453,1865,693,611,656,266,574,515,166,179,630,26,362,3,6,446,268,8,10,0,117,140640,4256,6317,852,1962,993,2449,901,702,989,820,97,170,139,36,314,309,30,36,64,129,82,15,8,14,33,7,9,9,3,1,11,4,2,8,174,111,106,43,22,50,12,6,30,18,11,0,5,5,2,6,0,2,0,1326,511,111,152,139,16,169,162,98,20,246,18,38,2,19,14,7,107,70,19,0,46,5,3,0,5,23,35,34,9,6,33,6,8,0,0,6,2,5,0,0,3,11,8,5,0
04/01/2020,82631,926,2178,9887,2084,4707,2766,647,207,129,109,12,9,5,1,69,37,16,2,94417,105792,25154,2337,67366,51477,13531,12775,12595,16108,7443,4435,3235,152,5129,10182,2311,2245,669,2860,900,3308,4447,1384,348,353,2178,492,532,1314,173,298,867,413,1135,399,745,329,814,363,533,398,111,262,243,376,115,236,167,0,105,52,68,6,112,52,63,60,169,69,10,1636,1528,54,1771,143,18,15,5,1,4,44606,1563,2039,781,664,710,289,638,567,192,210,694,31,394,5,7,463,274,10,10,0,134,163199,4579,7695,1065,2240,1094,2738,1109,798,989,966,107,186,139,36,314,320,30,36,65,129,85,15,12,14,33,7,9,9,3,1,11,4,8,8,239,119,114,46,27,55,12,6,30,18,11,0,5,5,3,6,0,2,0,1353,584,111,152,139,16,169,175,109,20,261,18,50,9,19,14,7,143,75,19,1,53,5,3,0,7,26,35,34,9,9,33,6,8,0,0,6,7,8,3,2,3,11,8,5,0
04/02/2020,82724,1000,2384,9976,2311,4976,2908,723,218,131,109,14,10,5,1,77,37,16,6,102136,110574,29478,2777,73522,56261,15679,13964,13614,17070,8251,4947,3447,192,5591,10711,2554,2460,804,3107,1060,3589,4665,1446,386,423,2319,525,571,1375,190,359,963,464,1220,422,779,354,841,400,581,446,115,320,277,396,121,236,188,0,120,37,72,6,125,65,81,78,173,69,10,1636,1677,54,1771,143,18,15,5,1,4,47593,1720,2291,835,814,779,317,676,569,235,231,728,34,423,5,7,479,278,10,10,0,134,187320,5717,9005,1323,2372,1215,3031,1284,906,1181,1054,115,212,172,39,347,338,32,38,69,143,89,16,19,15,33,7,9,13,3,1,11,5,8,8,286,128,125,51,32,55,14,6,30,21,11,0,5,5,3,6,0,2,0,1380,847,139,195,139,30,190,190,123,74,261,28,81,9,20,14,7,154,82,22,2,53,5,6,0,7,26,36,36,9,13,44,8,10,0,0,15,8,8,3,2,3,11,10,5,0
04/03/2020,82802,1049,2617,10062,2633,5224,3116,774,233,133,110,14,10,7,1,82,37,18,8,110238,115242,33722,3548,79696,58327,18135,15348,14697,18844,9034,5466,3849,254,6211,11129,2946,2738,987,3386,1171,3858,4935,1518,435,591,2487,585,640,1514,221,400,1011,521,1319,457,858,384,897,426,649,458,130,356,277,429,148,245,195,0,140,37,75,7,126,71,81,91,177,81,10,1965,1790,56,1875,148,19,16,6,1,5,50468,1885,2450,949,1024,865,417,735,643,269,252,772,41,455,5,8,508,299,10,16,0,165,213600,6836,10114,1323,3163,1378,3404,1380,1065,1317,1133,123,233,219,47,375,350,41,44,77,144,90,16,19,21,45,7,10,13,3,2,11,5,8,8,316,131,128,55,32,60,22,18,33,22,11,0,5,5,3,6,0,2,0,1462,986,174,204,246,52,190,195,134,74,261,28,110,9,20,15,18,169,84,41,2,65,5,6,0,7,31,39,39,9,13,44,8,10,0,3,20,8,8,4,2,4,13,10,5,0
04/04/2020,82875,1114,2920,10156,3018,5454,3333,824,239,134,114,14,10,7,1,84,39,18,8,117710,119827,38172,4149,85778,63536,20921,16770,15723,19706,9886,6078,4273,254,7030,11525,3383,3183,1096,3757,1476,4190,5208,1615,460,591,2612,678,736,1613,241,443,1079,586,1364,485,961,430,934,450,771,493,144,396,333,442,157,252,202,0,160,37,76,7,132,114,118,114,179,95,10,2301,1986,61,1978,151,19,20,6,1,5,53183,2039,2450,1075,1264,985,479,844,673,270,277,820,50,495,7,10,508,310,17,16,0,193,241703,7910,11732,1414,3163,1510,3737,1488,1161,1475,1265,132,269,222,50,396,369,46,47,92,144,97,18,19,24,45,7,10,13,3,3,11,5,8,10,378,138,130,57,35,62,28,23,37,22,11,0,5,5,3,6,2,3,0,1505,986,190,204,246,52,203,207,134,98,261,36,122,15,20,15,21,186,89,41,2,65,5,7,0,7,35,39,39,9,13,45,8,10,0,3,20,10,9,4,3,4,13,10,6,0
04/05/2020,82930,1189,3271,10237,3094,5635,3483,872,240,135,114,14,10,12,1,93,40,18,8,124736,124632,41907,4731,91714,67757,23934,18431,16627,20489,10524,6443,4604,440,7589,11766,3627,3613,1251,4077,1624,4472,5510,1882,531,752,2729,733,746,1673,298,512,1126,632,1417,503,1018,483,977,471,771,509,147,426,333,466,170,259,213,0,197,37,77,7,140,126,123,136,181,98,10,3374,2092,70,2067,159,19,20,9,1,5,55743,2370,2880,1325,1505,1070,556,960,688,299,298,878,51,553,7,10,527,323,17,16,0,217,273808,9056,12938,1595,3465,1688,4161,1488,1267,1673,1353,139,288,264,50,416,386,56,53,96,144,100,18,23,24,51,7,12,13,4,3,11,5,9,10,452,145,130,62,35,64,28,23,40,24,11,1,5,6,3,6,2,3,0,1585,1251,210,205,555,111,245,219,148,144,302,39,122,18,20,16,21,196,102,45,4,70,5,10,0,7,38,39,40,9,13,48,9,10,0,3,20,10,9,4,3,4,14,10,6,0
04/06/2020,83005,1309,3654,10284,3246,5744,3662,911,241,135,114,14,11,12,1,112,41,18,8,130759,128948,47810,5389,95391,69607,27069,19691,17851,21065,11278,6830,5111,562,8018,11983,4102,3864,1319,4369,1908,4587,5640,1927,604,864,2804,744,746,1735,390,584,1182,662,1486,531,1097,555,997,485,811,533,216,446,377,523,188,266,234,0,203,37,78,7,145,127,155,154,181,103,11,4067,2273,88,2169,176,19,21,9,1,5,58226,2463,3277,1604,1799,1173,556,1113,700,337,331,961,59,574,7,12,527,345,18,19,0,246,307318,10278,13904,1746,3465,1890,4471,1488,1406,1801,1451,157,320,268,61,435,400,62,55,104,144,103,21,24,28,51,7,12,14,5,3,11,5,9,10,452,145,134,66,37,64,35,23,42,29,11,2,5,6,3,6,2,3,0,1655,1251,208,205,555,111,245,222,161,144,302,39,142,18,22,16,21,227,102,45,6,77,5,13,0,9,43,39,44,9,22,48,9,10,1,4,29,14,9,4,3,4,16,10,6,0
04/07/2020,83071,1375,3906,10331,3660,5844,3793,943,245,135,115,15,12,14,1,113,42,18,8,135032,132547,51612,6343,99225,73488,30217,20814,18803,21574,11730,7206,5364,700,8611,12297,4413,4057,1462,4681,2200,4822,5755,2176,670,965,2843,817,833,1755,472,641,1222,695,1562,549,1108,570,1021,534,843,542,228,465,377,540,195,277,241,0,223,40,78,7,165,127,155,154,181,103,11,4067,2491,123,2220,176,19,21,9,1,5,60500,2752,3864,1832,2076,1322,665,1141,756,367,371,1031,90,596,7,14,541,349,18,19,0,254,333811,11130,15806,2281,3747,2143,4815,1828,1485,1988,1554,183,350,298,70,454,406,69,58,113,159,105,24,29,29,56,15,12,14,7,7,14,6,10,10,513,149,135,68,37,64,39,37,43,31,13,2,5,6,3,6,2,3,0,1686,1423,232,214,555,111,323,226,161,184,345,39,142,33,24,16,21,244,104,45,6,77,7,14,4,9,43,39,44,9,23,52,9,10,1,4,29,16,9,6,3,4,16,11,6,0
04/08/2020,83157,1481,4257,10384,3764,5956,3963,969,249,135,115,15,12,15,1,121,47,18,8,140510,135586,55246,7497,103228,77226,34109,22194,19580,22164,12442,7693,5709,861,9404,12640,4848,4417,1668,5071,2447,5017,5863,2308,709,1056,2970,895,877,1832,534,717,1282,781,1586,577,1149,599,1055,598,880,548,270,494,400,551,208,279,293,0,248,40,78,7,184,150,170,166,184,113,11,5194,2738,164,2369,186,19,22,9,1,5,62589,2759,4072,2057,2359,1450,743,1184,811,423,419,1122,121,623,8,14,548,353,20,19,0,263,363321,12056,17049,2561,3747,2439,5116,1956,1579,2100,1628,194,396,305,77,467,415,78,59,115,165,106,25,31,33,60,15,12,14,7,7,15,6,10,10,573,151,139,72,39,71,39,40,43,31,13,2,8,6,3,6,2,3,1,1749,1468,254,287,555,144,349,237,183,278,364,47,172,33,24,16,24,268,105,45,6,92,7,14,4,10,52,39,58,10,26,52,9,10,1,8,31,17,11,6,3,4,16,11,6,0
04/09/2020,83249,1623,4768,10423,3870,6052,4119,992,251,135,117,16,15,15,2,125,51,18,11,146690,139422,60737,10131,108202,81095,38226,23403,20549,22710,13141,8419,6224,1066,9404,12969,5205,4761,1892,5402,2666,5312,6010,2487,727,1174,3034,980,921,1884,555,822,1343,816,1616,593,1185,617,1091,682,912,577,280,526,409,566,214,308,299,0,248,54,79,8,224,150,170,166,184,113,11,5734,2956,218,2423,189,19,22,9,1,5,64586,2932,4322,2210,2659,1560,855,1275,823,444,457,1202,135,628,12,14,575,358,21,19,0,263,395030,13717,18433,2954,4450,2785,5546,1956,1780,2249,1715,210,457,312,87,483,424,93,63,119,166,107,27,33,36,63,19,12,14,8,8,15,6,11,10,620,152,139,77,39,74,45,40,45,31,14,5,8,8,3,6,2,3,1,1845,1572,276,313,730,164,384,244,207,342,384,56,179,33,25,16,24,273,110,60,7,93,7,31,4,10,55,39,70,12,26,53,10,17,1,8,33,19,11,6,3,4,16,11,6,0
04/10/2020,83305,1910,5347,10450,4076,6152,4228,1015,255,135,118,16,15,15,2,128,51,18,11,152446,143626,65081,11917,113525,85351,42282,24983,21762,23495,13956,9141,7393,1066,9755,13248,5575,5202,2203,5635,2867,5569,6160,2605,802,1289,3115,1190,937,1955,624,926,1407,875,1648,624,1207,663,1124,701,955,589,298,564,416,589,230,344,337,0,252,54,79,8,227,165,170,181,184,113,11,6412,3512,330,2473,190,19,27,9,1,5,66220,3287,4601,2376,2990,1699,910,1377,887,521,484,1232,140,643,12,15,582,372,24,19,0,266,425889,15927,19759,4342,4956,3181,5972,2349,2054,2528,1795,264,515,343,95,502,456,103,63,124,166,109,30,37,40,63,19,12,14,9,8,15,6,11,10,683,154,141,83,39,82,45,43,46,32,14,5,8,8,3,6,2,3,1,1934,1666,288,313,730,194,384,250,215,410,414,59,184,35,25,18,44,314,113,60,7,95,7,31,4,11,56,39,73,12,30,53,10,17,3,8,33,19,11,13,3,4,16,11,6,0
04/11/2020,83369,2108,6005,10480,4195,6238,4346,1035,257,136,120,16,16,16,2,130,51,18,11,157022,147577,70276,13584,117658,89683,47029,26667,23097,24228,15472,9685,8089,1981,10095,13560,5955,5467,2511,5819,3105,5732,6244,2769,859,1438,3223,1310,937,2011,624,991,1495,901,1675,635,1258,711,1160,715,999,612,339,595,416,602,233,344,350,0,255,54,80,8,250,190,183,191,184,113,11,7447,3512,424,2518,197,19,28,9,2,5,68192,3651,4788,2512,3360,1794,993,1448,998,521,546,1280,150,671,12,17,609,372,24,19,1,268,461275,17857,21226,5256,7161,3441,6501,2349,2223,2752,1929,268,564,382,126,539,473,117,63,129,171,109,30,37,41,66,19,12,14,10,12,16,7,11,10,725,154,143,84,48,86,45,50,50,32,14,5,8,9,3,6,2,3,1,2003,1761,305,378,803,194,480,265,215,438,443,74,189,35,32,18,44,318,118,60,7,95,7,37,4,11,65,40,73,12,30,53,11,20,3,9,33,19,11,13,3,4,16,11,7,0
04/12/2020,83482,2299,6748,10512,4428,6289,4530,1049,258,136,122,16,16,16,2,133,51,18,11,161852,152271,78995,15770,120479,92787,52167,28018,24413,24820,15987,10151,8928,2226,10525,13807,6356,5990,2777,5996,3380,5902,6320,2905,897,1560,3270,1410,1013,2081,796,1058,1534,948,1689,661,1304,828,1188,728,1053,630,377,616,446,622,252,356,370,0,262,54,80,8,283,204,198,200,184,113,11,8356,4241,621,2551,199,19,38,9,2,5,70029,4033,5038,2728,3736,1939,1154,1545,1040,555,599,1318,187,685,21,19,619,381,25,25,1,268,492881,19638,22544,5897,7257,3844,6927,2620,2473,2974,1975,275,620,392,137,558,494,118,65,133,171,109,31,37,42,67,21,14,15,10,12,16,7,12,10,788,155,143,86,48,92,45,50,53,33,14,5,8,9,3,6,2,3,1,2028,1825,318,408,803,250,533,278,223,491,443,87,191,38,32,18,49,319,120,60,8,104,7,48,4,11,69,40,73,12,35,53,11,20,4,12,33,19,13,13,3,9,16,11,7,0
4/13/2020,83597,2532,7255,10537,4648,6322,4683,1064,262,136,122,16,19,16,2,133,53,18,11,166019,156363,84283,18328,123016,94382,56956,29647,25587,25220,16585,10483,9655,2578,10878,13937,6674,6300,3102,6174,3630,5991,6415,2974,979,1662,3281,1458,1039,2114,896,1098,1600,1007,1701,675,1309,828,1205,742,1062,651,419,633,446,639,266,356,378,0,267,54,80,8,362,226,198,209,184,129,11,9152,4241,621,2579,210,20,41,12,2,5,71686,4462,5374,2979,4123,2065,1234,1661,1136,607,727,1352,215,707,25,19,630,389,25,25,1,271,524514,20727,23702,6848,7466,4219,7213,2967,2709,3234,1975,300,669,393,153,577,501,125,69,134,171,112,31,37,42,68,21,14,15,13,12,16,9,12,10,897,156,143,86,50,92,53,50,51,33,14,5,9,9,3,6,3,3,1,2173,1914,323,566,803,250,533,280,235,529,443,87,197,39,32,18,57,324,126,70,10,106,7,50,4,18,71,43,76,14,35,54,11,20,4,13,34,19,14,13,5,9,16,11,7,0
4/14/2020,83696,2918,7645,10564,4932,6366,4817,1072,265,136,122,17,19,16,2,134,55,18,11,169496,159516,88625,21102,125098,97050,61049,30589,26551,25499,16934,10948,10647,2919,11235,14043,6934,6633,3372,6318,4054,6059,6488,3064,1091,1712,3292,1512,1039,2145,1054,1148,1650,1034,1711,685,1332,854,1212,769,1070,655,430,662,475,651,296,371,384,0,274,93,80,8,377,228,213,218,184,129,11,10363,4557,803,2613,218,20,62,16,6,5,73303,4934,5716,3231,4521,2190,1300,1763,1362,665,813,1378,298,726,60,29,632,391,26,25,1,274,553882,22169,24786,7519,7529,4661,7525,3167,2776,3400,2252,330,726,397,156,595,512,137,72,147,181,113,40,47,47,71,23,14,15,14,12,16,9,12,10,903,157,143,88,57,92,53,52,51,33,14,5,9,11,3,6,3,3,1,2272,1983,343,566,803,319,626,291,241,548,497,116,208,39,49,21,57,324,127,74,10,106,10,51,4,23,74,45,76,14,35,54,11,21,4,16,34,19,17,13,5,9,16,11,7,0
4/15/2020,83745,3252,8100,10591,5223,6416,4987,1078,266,136,122,30,19,16,2,135,55,18,13,172541,162488,93877,24490,127584,102533,65111,31119,27419,25753,17448,11445,11479,3281,11868,14234,7202,6879,3764,6511,4465,6141,6566,3161,1275,1934,3307,1579,1067,2170,1214,1197,1704,1086,1720,713,1373,908,1220,835,1070,657,449,695,475,659,306,372,393,0,288,93,81,8,387,242,217,219,184,129,11,11439,4839,1012,2643,233,20,74,16,6,5,74877,5369,5988,3428,4933,2350,1355,1888,1528,770,910,1400,363,747,60,32,641,397,35,29,1,288,578268,23430,26146,7519,7603,5014,7917,3286,2852,3472,2336,354,766,407,167,612,483,149,73,159,181,113,40,47,49,72,23,14,15,18,12,16,9,12,10,923,157,145,88,57,92,54,52,51,35,14,11,10,11,3,6,4,3,1,2415,2070,343,636,855,363,638,299,254,570,515,123,216,40,53,41,80,324,134,74,11,110,10,59,4,23,82,45,77,15,35,54,11,28,4,16,34,19,18,13,5,9,16,11,7,0
4/16/2020,83797,3699,8582,10613,5453,6458,5072,1084,267,136,122,30,19,16,2,135,55,18,13,177633,165155,98480,27938,130450,105155,69392,33573,28153,26336,18091,11927,12547,3728,12200,14370,7582,7216,4162,6681,4873,6303,6677,3237,1295,2049,3373,1652,1135,2192,1349,1253,1741,1116,1727,747,1402,974,1248,863,1091,666,466,715,494,673,336,393,399,0,288,93,81,8,397,254,217,223,184,129,11,12380,5136,1231,2672,238,21,85,16,6,5,76389,5862,6505,3711,5365,2505,1405,2024,1677,794,1019,1415,435,780,80,32,658,401,48,33,1,293,604070,25262,27540,10303,7858,5399,8273,3614,2979,3574,2477,397,814,419,180,618,492,159,105,161,193,114,41,48,49,73,23,14,15,18,12,16,9,14,10,974,158,145,95,57,93,54,53,51,35,14,11,10,11,3,6,4,3,1,2506,2160,373,636,855,404,654,314,267,584,528,144,225,43,88,51,87,324,136,117,13,110,10,59,4,27,85,48,77,16,35,55,11,28,4,16,35,19,23,13,5,9,16,11,7,0
4/17/2020,84149,4427,9167,10635,5660,6468,5182,1086,268,136,122,31,19,17,7,135,55,18,13,182816,168941,103097,32008,133830,107778,74193,34809,29214,26651,18841,12540,13271,4204,12591,14448,7918,7707,4662,6879,5318,6433,6791,3369,1480,2154,3444,1763,1159,2207,1380,1283,1791,1169,1739,800,1434,1081,1268,977,1149,675,489,735,518,694,370,426,412,0,303,93,81,8,449,258,219,228,184,131,11,13387,5516,1572,2700,238,23,85,16,18,5,77995,6380,7025,4103,5825,2673,1524,2283,1700,845,1069,1434,591,822,80,32,663,402,49,33,1,295,632781,28320,28884,11475,8225,5847,8807,3755,3105,3751,2598,441,862,426,196,626,493,164,125,174,197,114,41,55,53,75,23,14,15,18,12,16,9,14,10,1043,159,145,96,81,95,60,57,51,35,14,11,11,11,3,6,4,3,1,2605,2268,373,641,855,438,688,335,287,609,543,171,234,46,94,51,95,324,138,117,15,117,55,73,4,27,92,48,81,16,37,55,12,29,4,16,35,19,23,15,5,9,16,11,7,0
4/18/2020,84180,5050,9795,10653,5878,6533,5251,1094,268,136,122,31,19,17,7,135,55,18,14,188068,172434,108696,36793,137439,108163,78546,36138,30449,26997,19022,13216,13980,4779,12855,14603,8379,8067,5106,7073,5690,6549,6791,3489,1546,2264,3480,1834,1201,2207,1450,1340,1814,1210,1754,846,1459,1117,1049,1049,1239,682,506,735,548,703,385,426,422,0,305,98,81,8,480,289,223,234,184,133,11,14378,5923,1838,2733,244,28,94,30,18,5,79494,7142,7481,4663,6302,2844,1658,2564,1744,908,1180,1482,732,864,116,33,668,407,49,38,1,313,665330,30425,30659,13489,8450,6297,9252,4126,3233,4016,2694,465,923,442,214,642,502,177,143,199,204,114,43,57,54,75,23,14,15,18,12,16,9,14,10,1068,159,145,96,83,96,61,35,51,35,14,11,11,11,3,6,5,3,1,2783,2418,373,641,1016,438,742,342,287,627,547,190,246,50,148,51,95,324,138,143,26,117,55,76,4,33,96,52,83,19,37,55,12,31,4,17,35,19,24,15,5,9,16,11,7,0
4/19/2020,84201,5992,10361,10661,6087,6586,5305,1098,268,137,122,31,19,17,7,136,55,18,14,191726,175925,114221,42853,139897,110721,82329,37183,31589,27322,19685,13822,14758,4779,13107,14662,8742,8418,5449,7242,5994,6654,6984,3681,1546,2351,3537,1916,1248,2207,1495,1373,1832,1268,1760,878,1512,1170,1317,1089,1298,712,554,761,548,704,394,455,426,0,308,98,82,8,510,291,234,236,184,133,11,15712,6248,2144,2765,254,34,107,31,19,5,80868,8274,7993,5008,6302,3032,1751,2685,1773,933,1266,1513,732,866,135,66,673,413,49,38,1,320,695353,33682,32400,13489,9022,6875,9730,4335,3439,4210,2784,493,986,457,235,649,508,190,163,202,204,114,44,63,54,75,23,13,15,18,12,16,9,14,10,1118,163,145,96,83,96,61,57,53,37,14,11,11,11,3,6,5,3,1,3034,2534,373,834,1016,477,742,350,327,639,547,216,262,50,148,79,108,325,144,143,30,120,55,81,4,33,105,57,83,22,37,55,12,31,4,17,39,19,25,15,5,9,16,11,7,0
4/20/2020,84237,6588,10751,10674,6259,6612,5389,1105,268,138,122,32,19,17,7,133,55,18,14,195944,178972,120071,42853,141672,111463,86306,38496,32655,27658,20206,14385,15251,4779,13362,14710,9287,8746,5710,7384,6318,6787,7086,3783,1546,2472,3550,1984,1291,2235,1565,1398,1871,1286,1771,915,1528,1207,1330,1161,1326,727,568,767,562,717,399,461,427,0,308,98,82,8,535,297,245,239,185,133,11,17265,6575,2456,2792,271,51,111,31,19,5,17265,9362,8418,5448,6781,3144,1915,2855,1881,996,1410,1539,846,866,164,92,673,417,51,39,1,324,723605,36599,33909,14420,9468,7497,10888,4680,3621,4273,2839,520,1035,472,257,655,517,201,173,206,228,114,44,63,58,75,23,13,15,18,12,16,9,14,10,1213,153,148,96,86,97,61,64,53,37,14,11,11,11,4,6,5,3,1,3158,2629,541,1042,1016,477,847,367,332,648,565,224,270,50,171,79,109,328,147,143,35,121,55,91,4,33,108,61,83,22,37,55,12,35,4,17,39,19,25,20,5,9,16,11,7,0
4/21/2020,84250,8014,11118,10683,6459,6625,5424,1107,268,138,122,33,19,18,7,133,56,18,14,200210,181228,124747,52763,143457,113513,90980,39983,33405,27862,20863,14777,15652,6264,13883,14783,9593,8936,6125,7515,6630,6914,7113,3868,1852,2548,3558,2098,1339,2245,1657,1436,1881,1300,1773,929,1535,1225,1173,1173,1350,739,590,772,609,718,408,462,431,0,312,68,82,9,572,297,249,239,185,133,11,18601,6760,2948,2811,304,67,119,31,23,6,83505,10484,9216,6015,7256,3333,1995,3046,1907,1026,1508,1574,846,884,237,107,677,425,51,39,1,329,751273,38654,35383,15628,10128,8261,10507,4964,3792,4467,2960,564,1087,477,289,660,528,218,196,208,256,114,47,65,60,75,23,13,15,18,12,16,9,15,10,1252,163,148,97,86,97,61,67,53,37,14,11,11,11,4,6,5,3,1,3300,2718,541,1042,1163,622,879,377,350,655,576,246,281,50,255,79,120,328,147,160,43,121,55,99,4,33,111,65,84,24,54,55,12,35,4,17,39,24,25,20,6,10,16,11,7,0
4/22/2020,84287,9125,11496,10694,6599,6647,5482,1113,268,138,122,34,19,18,7,133,57,18,14,204178,183957,129048,57999,145694,116151,95591,40956,34134,27981,21379,15322,16040,6723,13942,14833,9856,9242,6592,7695,6890,7041,7166,4014,1995,2641,3618,2168,1377,2401,1657,1480,1908,1340,1778,975,1552,1231,1340,1199,1370,748,612,784,634,723,411,476,443,0,313,68,82,9,604,307,250,239,185,133,11,19984,7135,3382,2826,310,83,121,42,23,6,84802,11631,9749,6533,7755,3490,2080,3209,1973,1092,1614,1602,945,901,286,140,682,428,59,42,1,335,776907,40581,37374,16325,10398,8772,10832,5044,3977,4658,3073,598,1137,494,294,662,535,225,223,208,285,114,57,66,64,75,23,14,15,18,12,16,10,15,10,1298,163,148,97,86,97,66,68,54,37,14,11,11,11,4,6,5,3,1,3465,2811,541,1042,1163,688,916,412,359,657,581,258,296,50,255,79,156,328,150,165,50,121,67,101,4,34,114,70,86,24,54,56,14,39,4,18,39,24,28,20,11,10,16,11,7,0
4/23/2020,84302,10141,11919,10702,6710,6643,5532,1112,268,138,122,35,19,18,8,133,57,18,14,208389,187327,133499,62772,148046,117961,98674,41889,34842,28186,21982,16004,16671,7281,14498,14924,10169,9710,7170,7912,7114,7136,7250,4129,2025,2778,3654,2284,1473,2408,1716,1518,1950,1367,1785,1024,1559,1259,1353,1244,1398,761,631,790,634,724,420,488,444,0,314,68,82,9,630,307,255,241,185,133,11,21393,7418,3772,2839,330,85,127,45,23,7,85996,12772,10513,7141,8238,3659,2248,3446,2027,1176,1716,1631,974,909,286,162,682,435,60,42,1,336,800926,43079,38923,17837,10850,9501,11296,5300,4149,4821,3197,609,1189,510,316,669,543,237,233,213,288,115,58,67,65,75,24,14,15,18,13,16,10,15,10,1298,164,148,97,98,100,66,71,54,38,14,12,11,11,4,6,5,3,1,3635,2910,541,1154,1163,761,952,442,359,662,600,293,303,50,285,84,166,329,153,186,61,121,67,101,7,34,116,74,88,31,54,61,14,41,4,23,39,24,28,22,11,10,16,11,7,0
4/24/2020,84311,11178,12388,10708,6981,6667,5603,1114,268,138,122,35,19,18,8,135,57,18,14,213024,189973,138082,68622,150383,119583,101790,42797,35729,28414,22353,16755,17607,8022,14803,14985,10511,10096,7647,8073,7276,7188,7345,4284,2025,2926,3665,2383,1523,2463,1778,1548,1981,1413,1789,1097,1592,1300,1325,1325,1410,778,656,795,678,726,431,501,445,0,316,68,82,9,669,307,255,243,187,133,11,23077,7775,4186,2854,368,94,139,48,24,7,87026,13930,11155,7764,8756,3891,2399,3568,2217,1226,1716,1677,986,918,328,174,688,437,60,42,1,336,830053,45757,40813,19250,11183,10544,11812,5543,4356,4992,3340,672,1235,519,342,681,549,250,243,213,298,115,62,67,70,76,24,15,15,18,13,16,10,15,10,1416,170,148,107,99,100,66,73,54,38,14,12,11,11,5,6,5,3,1,3953,3007,981,1154,1401,862,1004,479,394,671,600,309,320,52,285,84,166,331,154,186,64,12,67,101,8,34,116,76,88,31,58,63,16,41,4,33,39,25,28,22,11,10,16,11,7,0
4/25/2020,84324,12075,12829,10718,7192,6687,5691,1117,270,138,122,36,19,18,8,136,57,18,14,219764,192994,143468,68622,152438,121338,104912,44293,36535,28595,22797,17567,18184,8773,15028,15068,10892,10417,8125,8210,7483,7273,7408,4395,2416,3110,3695,2443,1596,2490,1836,1592,2009,1428,1789,1188,1605,1326,1373,1360,1410,784,665,804,678,733,456,513,447,0,319,68,82,9,703,308,276,245,187,133,11,24506,8211,4689,2907,420,116,144,49,24,7,88194,15102,11940,8525,9281,4092,2614,3758,2518,1330,1905,1708,999,922,328,174,696,441,61,42,1,340,860772,49492,42739,20914,22719,11633,12306,5749,4561,5166,3479,703,1285,562,384,686,557,261,257,220,318,115,72,70,72,76,24,15,15,18,14,16,11,15,10,1276,170,149,109,99,100,66,73,54,38,14,12,11,11,5,6,5,3,1,4220,3127,1095,1279,1403,954,1077,545,416,681,616,325,336,52,300,212,172,331,176,200,82,122,88,117,8,40,117,84,90,40,58,75,19,65,5,33,39,25,29,22,12,10,16,11,7,0
4/26/2020,84338,12693,13182,10728,7294,6703,5742,1121,270,138,122,37,19,18,8,137,57,18,14,219764,195351,148381,74588,154175,122875,107773,45325,37190,28978,23392,18177,18561,9590,15398,15134,11273,10635,8617,8445,7779,7352,7467,4475,2601,3304,3711,2500,1746,2506,1865,1617,2016,1485,1790,1247,1635,1367,1388,1373,1438,804,682,810,712,738,485,513,448,0,319,68,83,9,731,308,278,245,187,136,11,26496,8607,4998,2922,460,137,146,49,24,7,89328,16299,12723,9358,9813,4319,2892,3897,2589,1463,1998,1763,1008,939,390,213,704,444,61,42,1,342,899281,52995,44353,21648,22719,12872,12858,5926,4881,5338,3701,807,1337,591,430,687,563,274,288,223,318,115,72,73,72,77,24,15,15,18,14,16,11,15,10,1276,170,149,109,99,100,70,73,55,38,14,13,11,11,6,6,5,3,1,4361,3256,1182,1279,1518,996,1111,614,442,684,629,370,343,52,300,258,176,331,183,200,86,124,90,120,8,46,122,84,96,56,58,75,19,70,5,33,39,25,31,22,12,10,16,11,7,0
4/27/2020,84341,13624,13385,10738,7579,6713,5780,1122,270,138,122,38,19,18,8,137,57,18,14,207634,197675,152844,87147,155193,123279,110130,46134,37845,28978,23864,18640,19262,10463,15398,15189,11617,11036,9009,8575,8042,7404,7505,4576,2791,3408,3723,2538,1808,2506,1887,1645,2030,1516,1792,1300,1643,1386,1407,1379,1449,812,695,817,726,740,496,538,448,0,321,68,83,9,763,308,280,245,187,141,11,27892,8882,5416,2931,523,188,146,51,24,7,90481,17522,13328,10287,10349,4534,3075,4065,2647,1531,2049,1820,1023,949,436,237,707,447,61,42,1,342,931698,58509,45778,25331,22719,13842,13331,6135,5142,5538,3838,866,1369,627,473,693,596,298,305,228,323,115,72,74,78,79,24,18,15,18,14,16,13,15,10,1371,175,149,109,109,100,70,74,55,38,14,13,11,11,6,6,5,3,1,4546,3382,1273,1550,1621,1094,1150,671,459,696,632,389,355,53,300,258,176,332,191,200,93,128,106,124,8,46,123,88,98,59,64,75,19,76,6,34,39,26,31,22,15,10,16,11,7,0
4/28/2020,84347,14423,13576,10752,7777,6725,5820,1124,270,138,122,38,19,18,8,138,58,18,14,209465,199414,157153,93558,156337,127008,112261,46687,38245,29081,24027,18926,19648,12208,15466,15256,11902,11339,9410,8698,8275,7449,7533,4695,2982,3481,3729,2649,1867,2534,1924,1678,2039,1564,1792,1363,1647,1399,1407,1381,1449,818,708,822,736,748,511,538,450,0,321,68,83,9,780,308,281,247,187,141,11,29435,9096,5913,2938,523,214,146,52,24,7,91472,18811,13915,11244,10839,4782,3288,4120,2723,1703,2131,1847,1035,967,480,275,710,449,61,43,1,342,960916,61888,47316,27517,23240,14677,13813,6293,5379,5779,3892,950,1389,661,500,695,606,323,305,228,325,116,74,74,80,79,24,18,15,18,15,16,13,15,10,1389,175,149,111,109,100,70,74,59,38,16,13,12,11,6,6,6,3,1,4793,3517,1337,1550,1621,1163,1164,735,471,701,632,408,363,73,300,258,176,334,207,207,99,128,106,133,8,46,124,89,99,65,64,79,42,76,6,36,39,27,31,22,15,10,16,11,7,0
4/29/2020,84369,14951,13852,10761,7958,6738,5851,1126,270,138,122,38,19,18,8,140,58,18,14,210773,201505,161149,99399,157641,125464,114653,47334,38416,29181,24322,19621,19877,12208,15782,15314,12218,11616,9866,8851,8497,7504,7605,4740,3078,3638,3741,2727,1932,2534,1955,1717,2047,1588,1795,1399,1660,1421,1408,1384,1449,836,729,837,766,753,517,553,450,0,321,68,83,10,790,308,283,247,187,141,11,31332,9511,6462,2947,619,245,150,54,24,7,92584,20077,14885,11921,11380,5042,3440,4252,2811,1827,2274,1928,1072,975,528,318,717,449,61,43,1,343,983457,66501,49014,28699,24258,15529,14365,6416,5597,6021,4019,1014,1437,702,530,697,620,345,364,230,329,116,76,74,80,80,24,18,15,18,15,16,13,15,10,1400,175,149,124,110,100,70,75,59,38,16,13,12,11,6,6,6,3,1,4996,3649,1337,1671,1705,1240,1183,823,491,709,638,424,374,73,300,315,238,332,212,207,104,128,113,141,11,52,126,95,99,71,64,79,50,76,34,36,39,27,32,23,15,10,16,11,7,0
4/30/2020,84373,15641,14088,10765,8212,6746,5945,1129,270,138,122,38,19,18,8,141,58,18,14,212917,203591,165225,106498,159119,127066,117589,47859,38802,29324,24505,20302,20253,13187,15782,15264,12640,11978,10406,9008,8724,7579,7667,4906,3333,3771,3769,2775,2066,2576,2031,1766,2062,1689,1797,1447,1666,1442,1418,1391,1375,849,746,843,773,753,539,563,463,0,322,68,83,10,799,309,284,247,187,141,11,33050,9771,7103,2954,649,256,150,57,24,7,93657,21402,15759,12564,11929,5268,3740,4359,2921,1827,2348,2003,1077,980,582,375,721,451,61,43,6,344,1003974,71886,50363,31190,24675,16752,14885,6652,5949,6200,4201,1053,1467,738,557,705,625,377,381,239,329,116,76,75,80,80,24,19,17,18,16,16,13,15,10,1433,175,151,125,111,100,73,75,62,38,16,13,12,11,6,6,6,3,1,5350,3848,1532,1671,1806,1351,1238,882,500,713,638,482,384,77,480,315,276,332,225,220,116,128,113,141,11,52,130,97,109,91,69,79,50,76,34,36,39,27,32,23,15,11,16,11,7,0
05/01/2020,84385,16169,14281,10774,8488,6762,6002,1132,270,138,122,38,19,18,8,142,58,18,14,213435,205463,171257,114431,159119,128121,120204,48519,39316,29503,25056,21092,20612,14027,16004,15457,12877,12240,10861,9158,9009,7682,7710,4995,3551,3897,3784,2863,2148,2591,2046,1804,2076,1757,1797,1506,1689,1465,1429,1396,1385,858,756,850,773,746,566,569,465,15,322,68,83,11,799,311,290,251,187,141,11,35043,10118,7667,2960,665,396,151,57,24,7,94640,22753,16817,13409,12481,5537,4024,4423,3040,2171,2447,2085,1089,994,601,442,725,453,61,43,6,344,1035353,78162,52056,33931,24934,17799,16023,6972,6211,6378,4304,1110,1501,771,585,713,630,395,396,249,331,116,76,78,80,80,24,20,17,18,16,16,14,15,10,1539,178,152,126,111,100,73,76,66,38,16,13,12,11,6,6,6,3,1,5647,4006,1932,2074,1832,1495,1275,933,572,719,645,490,396,201,480,315,276,332,243,220,124,132,121,141,16,73,131,106,116,100,84,81,64,76,35,37,39,27,32,23,15,12,16,11,8,1
05/02/2020,84388,17101,14545,10780,8772,6767,6071,1134,270,138,122,38,19,18,8,142,58,18,14,215216,207428,177458,124054,161703,128722,122392,49032,39791,29622,25351,21520,20833,14917,16152,15531,13105,12567,11411,9311,9205,7737,7759,5051,3785,3980,3802,2942,2273,2591,2094,1854,2085,1757,1798,1588,1694,1494,1434,1403,1399,870,769,857,789,746,582,580,467,32,322,68,83,11,813,311,290,251,187,144,11,37336,10551,8238,2966,690,468,151,59,24,7,95646,24097,18114,14096,13038,5859,4377,4569,3170,2469,2483,2153,1097,998,601,533,729,459,63,44,7,353,1067127,85380,53657,36976,26336,19224,17008,7288,6507,6532,4476,1167,1537,804,599,719,643,424,422,266,333,116,81,82,81,81,24,20,17,18,16,16,14,15,10,1575,179,152,128,114,100,73,76,66,38,16,13,12,11,6,6,6,3,1,5951,4154,2170,2074,2069,1537,1275,1024,604,728,649,508,411,257,480,315,308,332,249,229,136,135,121,152,16,73,133,109,123,106,90,83,64,79,45,37,39,29,34,23,15,12,16,11,8,1
05/03/2020,84393,17548,14839,10793,8928,6783,6176,1136,270,138,122,39,19,18,8,144,58,18,14,216582,209328,182264,134687,162496,129458,124375,49517,40236,29734,25190,22082,21176,15828,16152,15558,13375,12732,11913,9407,9362,7755,7759,5179,3877,4052,3812,2998,2386,2620,2127,1894,2088,1757,1798,1594,1699,1506,1439,1407,1406,871,795,864,795,747,589,580,467,76,322,68,83,11,823,315,290,252,187,144,11,39980,10843,8790,2969,705,519,151,59,24,7,96448,25459,19103,14872,13599,6193,4619,4729,3284,2469,2568,2219,1112,1009,671,592,733,460,63,44,10,353,1093880,91589,55572,40459,27464,20739,18435,7578,7006,6720,4532,1229,1611,899,644,725,648,446,432,333,345,116,85,82,82,81,24,20,17,18,16,16,14,15,10,1757,180,152,128,114,100,74,76,66,38,16,13,12,11,6,6,6,3,1,6336,4295,2388,2169,2077,1586,1362,1115,674,736,652,544,435,260,480,315,335,332,255,229,155,149,152,154,23,117,133,119,123,108,90,85,72,79,45,38,39,35,34,23,19,17,16,11,8,3
05/04/2020,84400,18205,15057,10801,9223,6801,6298,1137,271,138,122,39,19,18,8,146,58,18,14,217466,210717,186603,145268,163175,129708,126045,49906,40571,29822,25282,22317,21506,17489,16152,15597,13693,13163,12331,9523,9464,7781,7809,5254,3988,4121,3824,3035,2507,2626,2160,1932,2096,1857,1799,1618,1700,1511,1439,1408,1410,879,830,872,795,749,593,582,477,128,322,95,83,11,851,320,291,252,187,144,11,42533,11192,9455,2987,718,527,155,75,24,7,97424,27011,20084,15551,14163,6465,4983,4903,3356,2469,2568,2219,1112,1009,722,592,737,461,63,44,10,353,1125719,96559,59365,42534,29538,22088,19663,7954,7285,7090,4681,1470,1649,1010,688,733,652,490,463,370,345,116,85,82,82,81,25,21,17,18,16,16,14,15,10,1808,181,152,128,115,100,74,76,66,38,16,13,12,11,6,6,6,3,1,6783,4474,2388,2169,2077,1650,1398,1273,682,750,662,563,466,292,480,315,335,332,259,229,157,151,165,158,23,117,135,124,124,112,90,88,72,80,46,39,39,35,34,23,19,17,16,11,8,3
05/05/2020,84404,18778,15231,10804,9485,6825,6353,1137,271,138,122,40,19,18,8,145,58,18,14,218011,211938,190588,155370,163860,130242,127659,50267,40770,29898,25524,22721,21722,17489,16237,15621,14006,13512,12697,9670,9557,7819,7847,5327,4160,4248,3828,3065,2619,2632,2189,1984,2101,1926,1799,1652,1703,1518,1439,1413,1419,896,843,874,803,751,604,582,480,230,323,95,83,11,855,321,292,252,187,144,11,46433,11587,10143,2988,718,545,161,82,24,7,98647,28656,21501,16191,14730,6813,5278,5053,3533,2469,2735,2346,1116,1018,756,678,740,465,63,44,12,532,1154985,101147,59844,45928,31881,23471,20643,8235,7668,7197,4799,1594,1668,1055,703,739,655,555,469,396,357,116,88,82,83,82,25,21,18,18,17,16,15,15,10,1843,181,152,133,115,100,74,76,66,38,16,13,12,11,6,6,6,3,1,7220,4648,2802,2719,2077,1710,1432,1271,682,755,672,580,490,292,480,315,367,332,261,236,178,158,165,166,161,117,140,137,126,116,96,89,94,80,49,41,39,35,34,23,19,17,16,11,8,4
05/06/2020,84406,19410,15354,10806,9684,6849,6383,1138,271,138,122,41,19,18,8,145,60,18,14,219329,213013,194994,165929,164897,131292,129491,50509,41087,29926,25702,23216,21983,19255,16268,15586,14431,13837,13184,9821,9677,7896,7903,5412,4298,4363,3840,3111,2782,2642,2217,2060,2112,1968,1799,1689,1711,1526,1445,1421,1423,896,871,878,832,751,610,589,482,293,324,95,83,11,856,325,293,252,187,144,11,49391,12071,10929,2989,771,573,161,82,24,7,99970,30251,22533,17142,15192,7201,5804,5219,3720,3224,2903,2431,1120,1022,835,778,741,471,63,44,23,543,1171185,107780,61159,47372,31881,24905,22016,8480,7973,7387,4922,1681,1685,1178,730,742,657,587,471,431,361,116,100,92,84,82,25,21,18,18,17,16,15,15,10,1924,181,152,133,115,101,75,76,66,38,16,13,12,11,7,6,6,3,1,7439,4838,2950,2719,2265,1811,1464,1329,705,763,689,612,535,292,480,439,397,332,261,236,199,158,186,170,171,170,145,137,128,119,102,97,94,80,49,41,39,36,34,23,19,17,16,11,8,4
05/07/2020,84409,20198,15463,10810,10004,6875,6428,1139,271,139,122,41,19,18,8,147,60,18,15,220325,214457,201205,177160,166091,135468,131744,50781,41319,29977,26182,23918,22248,19255,16314,15651,14740,14107,13691,9983,9791,7974,7953,5573,4509,4476,3851,3150,2884,2663,2266,2127,2119,2017,1799,1778,1713,1539,1448,1429,1428,900,895,883,832,752,614,608,484,379,324,95,83,12,860,326,293,252,187,144,11,52952,12438,11719,2992,797,618,162,99,24,7,101650,31938,24073,17972,15738,7588,6289,5408,3934,3392,2958,2480,1124,1025,873,852,750,473,64,45,26,546,1193452,114715,62458,51189,29420,26025,23048,8807,8613,7523,5076,1802,1703,1270,763,755,670,633,473,440,367,116,101,93,89,82,25,21,18,18,17,16,16,15,10,1968,182,153,138,115,101,78,76,66,38,16,13,12,11,7,6,6,3,1,7808,4997,3145,2719,2265,1856,1516,1433,797,770,729,631,582,508,480,439,397,332,268,264,225,193,191,178,174,170,162,139,128,123,102,98,94,81,58,43,39,36,34,23,19,17,16,11,8,8
05/08/2020,84415,20939,15547,10822,10343,6896,6467,1141,288,141,122,41,19,18,8,147,60,18,15,221447,215858,206719,187859,167300,135980,133721,51420,41774,30043,26715,24623,22385,20168,16346,15673,15047,14499,14195,10083,9848,8031,7995,5673,4605,4578,3859,3178,3029,2678,2314,2204,2125,2027,1829,1801,1720,1572,1449,1445,1433,909,906,889,850,752,632,623,486,461,324,95,83,12,861,327,293,252,187,144,11,56342,12776,12425,3000,797,648,176,99,24,7,103135,33731,25837,18890,16240,7981,6567,5548,4199,3563,3112,2543,1133,1026,928,930,784,494,64,45,26,547,1215571,125218,63895,54817,30298,27634,24581,9095,8959,7731,5305,1886,1729,1461,798,761,673,695,478,462,379,116,108,93,92,82,25,21,18,18,17,16,16,15,10,2031,182,153,138,118,101,78,76,66,38,16,13,12,11,7,6,6,3,1,8232,5182,3526,3091,2265,1927,1571,1492,897,781,736,650,607,508,509,439,504,332,271,274,231,193,218,189,165,253,191,153,135,153,140,101,94,81,90,43,39,36,34,23,19,18,16,11,8,8
05/09/2020,84416,21707,15649,10840,10463,6914,6535,1142,288,141,122,42,19,18,8,147,60,18,15,222857,217185,211368,198676,168551,136578,135569,52011,42093,30168,27268,25265,22541,21101,16444,15735,15366,14811,14710,10218,9943,8077,8034,5738,4922,4728,3871,3213,3175,2691,2336,2279,2161,2070,1801,1911,1725,1586,1450,1455,1436,928,931,891,856,754,626,632,489,522,324,95,83,12,862,329,293,252,187,144,11,59662,13112,13134,3004,835,744,177,109,24,7,104691,35432,27474,20201,16793,8476,7208,5711,4444,3563,3224,2603,1135,1030,928,1111,796,508,64,47,36,547,1245874,135106,65399,58526,30298,29616,25972,9376,9456,7868,5530,2081,1741,1685,832,765,684,742,488,563,381,116,129,93,92,82,25,21,18,18,17,16,16,15,10,2156,183,154,141,118,101,80,76,68,38,16,13,12,11,7,6,6,3,1,8895,5369,3912,4012,2265,2009,1602,1551,937,795,736,668,621,508,509,439,620,332,273,287,257,169,230,199,208,260,194,167,145,159,242,101,94,82,120,43,39,36,34,23,19,20,16,11,8,8
05/10/2020,84430,22460,15747,10874,10610,6929,6589,1144,288,141,122,42,19,18,8,147,60,18,16,223578,218268,215264,209688,169218,137008,137115,52596,42382,30168,27406,25921,22760,22973,16444,15777,15651,15131,15232,10319,10032,8095,8069,5880,5056,4867,3877,3263,3313,2710,2387,2422,2176,2070,1801,1955,1733,1622,1454,1455,1444,930,1002,892,868,754,635,632,490,561,324,95,83,12,870,329,293,252,187,146,11,62939,13645,13770,3009,847,785,178,110,24,7,106220,37136,29465,21331,17417,8964,7623,5910,4774,4402,3400,2679,1189,1032,997,1164,809,522,64,47,36,547,1245775,145328,66780,61847,28818,31522,27219,9882,10051,8070,5680,2266,1754,1771,900,773,694,784,490,689,388,116,146,93,92,82,25,21,18,18,17,16,16,15,10,2173,186,154,141,118,101,81,77,68,38,16,13,12,11,7,6,6,3,1,9420,5558,4151,4263,2335,2042,1667,1634,991,815,748,692,649,642,509,439,661,332,280,287,291,169,236,199,165,322,210,252,153,163,284,116,143,87,120,56,39,43,35,23,19,20,16,11,8,11
05/11/2020,84450,23336,15798,10909,10794,6941,6656,1147,288,141,122,42,19,18,8,147,60,18,16,224390,219070,219187,221344,169575,137073,138657,53081,42627,30222,27581,26322,22996,23906,16492,15787,15996,15362,15648,10429,10114,8123,8099,5962,5138,4927,3886,3284,3392,2716,2411,2519,2187,2098,1801,1965,1739,1642,1457,1457,1479,939,1016,898,868,756,638,637,496,612,325,96,83,12,870,330,293,252,187,146,11,67152,14032,14657,3009,863,835,180,120,24,9,107603,39048,30941,22520,18198,9400,8688,6063,4941,4664,3574,2767,1210,1032,1054,1365,845,540,64,47,53,547,1271645,155939,67996,65025,29559,33460,28866,10347,10495,8282,5924,2437,1766,1830,967,780,702,889,498,713,402,116,151,97,92,84,25,21,18,18,17,16,16,15,10,2198,187,154,144,118,101,81,77,69,39,16,13,12,11,7,6,6,3,1,10015,5723,4399,4263,2579,2146,1700,1709,1024,821,751,704,672,642,509,439,661,332,284,287,307,169,246,204,165,322,239,267,173,172,319,121,179,91,156,56,39,45,36,23,19,20,16,11,8,11
05/12/2020,84451,23822,15874,10936,11086,6948,6726,1147,288,141,122,42,19,18,8,147,60,18,19,227436,219814,223064,232243,170508,137491,139771,53449,42788,30261,27679,26670,23135,23906,16526,15874,16326,15588,16023,10513,10176,8176,8106,5984,5207,4995,3888,3313,3538,2726,2509,2589,2196,2142,1801,1990,1741,1664,1460,1457,1485,946,1037,901,872,756,639,647,503,661,325,96,83,12,884,330,294,252,187,146,11,70756,14265,15691,3017,869,897,180,191,24,11,109286,41014,32081,23623,18878,9746,9286,6360,5236,4967,3721,2818,1227,1032,1089,1526,859,562,64,47,58,547,1298287,162699,69156,67307,29509,35022,30063,10634,11063,8448,6034,2556,1783,1972,1052,792,707,958,502,724,414,116,182,104,92,84,25,21,18,18,17,16,16,15,10,2256,187,254,244,118,101,81,77,69,39,16,13,12,11,7,6,6,3,1,10652,5891,4641,4700,2579,2146,1730,1886,1102,832,760,712,700,761,509,439,802,332,285,333,338,186,260,211,165,322,250,267,181,175,319,122,179,103,174,57,39,45,36,24,19,22,16,11,8,11
5/13/2020,84458,24671,16024,10962,11350,6964,6742,1147,288,141,122,42,19,18,8,148,60,18,19,228030,221216,226467,242271,171306,138161,141475,53779,42984,30297,27913,27272,23242,25840,16539,15910,16921,15778,16425,10591,10243,8221,8135,6003,5417,5154,3894,3341,3718,2744,2598,2693,2207,2162,1801,2023,1746,1674,1461,1465,1491,950,1044,903,876,759,642,647,503,729,324,96,83,12,919,330,294,252,187,147,11,74281,14749,16660,3017,889,904,180,217,24,11,110767,42925,34261,25149,19661,10093,10277,6418,5531,4967,4019,2913,1256,1032,1170,1660,870,576,64,47,67,547,1322054,168331,70342,68822,30419,36327,31721,10900,11613,8616,6278,2831,1804,2100,1114,801,711,998,505,737,422,116,209,109,93,84,25,21,18,18,17,16,16,15,10,2299,187,155,146,119,101,84,77,69,39,16,13,12,11,7,6,6,3,1,11350,6067,4787,5127,2689,2298,1857,1995,1169,854,766,730,715,820,509,522,863,332,286,333,338,192,270,212,165,357,261,441,199,184,327,126,179,104,174,58,39,45,37,24,27,23,16,11,8,11